student,take_exam,social,gender,pretest,posttest,Fi,CBi,Vi,MApi,PApi,total_time,total_activity,total_time_be,total_activity_be,qp_time,wa_time,qp_activity,wa_activity,exam_norm,lgain_pp,lgain_pe
user0089,0,0, ,,, , , , , ,0.0,0.0,0.0,0.0,0.0,0.0,0.0,0.0,0.0,,0.0
user0064,1,0, ,,0.82, , , , , ,0.0,0.0,0.0,0.0,0.0,0.0,0.0,0.0,68.0,,0.0
user0091,1,1, ,,, , , , , ,0.0,0.0,0.0,0.0,0.0,0.0,0.0,0.0,29.0,,0.0
user0078,1,0, ,,1.0, , , , , ,0.0,0.0,0.0,0.0,0.0,0.0,0.0,0.0,98.0,,0.0
user0006,1,0,1,0.09,,0.58,0.05,0.8,0.67,0.56,0.0,0.0,0.0,0.0,0.0,0.0,0.0,0.0,71.0,,
user0013,0,0,1,0.09,,0.33,0.55,0.53,0.67,0.5,0.0,0.0,0.0,0.0,0.0,0.0,0.0,0.0,0.0,,
user0069,0,0,1,0.27,,0.67,0.5,0.8,0.56,0.61,0.0,0.0,0.0,0.0,0.0,0.0,0.0,0.0,0.0,,
user0074,0,0,1,0.18,,0.25,0.6,0.6,0.06,0.06,0.0,0.0,0.0,0.0,0.0,0.0,0.0,0.0,0.0,,
user0080,0,0,0,0.18,,0.33,0.25,0.6,0.39,0.39,0.0,0.0,0.0,0.0,0.0,0.0,0.0,0.0,0.0,,
user0038,1,0,1,0.09,0.18,0.33,0.3,0.53,0.5,0.61,0.0,0.0,0.0,0.0,0.0,0.0,0.0,0.0,51.0,0.09,100.0
user0040,1,0,0,0.27,0.91,0.42,0.1,0.27,0.44,0.44,0.0,0.0,0.0,0.0,0.0,0.0,0.0,0.0,96.0,0.64,237.037037037037
user0046,1,0,0,0.09,0.82,0.5,0.45,0.6,0.5,0.44,0.0,0.0,0.0,0.0,0.0,0.0,0.0,0.0,95.0,0.73,811.1111111111111
user0047,1,0,1,0.09,0.73,0.5,0.3,0.53,0.33,0.5,0.0,0.0,0.0,0.0,0.0,0.0,0.0,0.0,69.0,0.64,711.1111111111112
user0048,1,0,1,0.09,0.09,0.33,0.35,0.73,0.56,0.5,0.0,0.0,0.0,0.0,0.0,0.0,0.0,0.0,46.0,0.0,0.0
user0054,1,0,0,0.36,0.27,0.58,0.6,0.6,0.61,0.61,0.0,0.0,0.0,0.0,0.0,0.0,0.0,0.0,80.0,-0.08999999999999997,-24.999999999999993
user0071,1,0,1,0.0,0.27,0,0.25,0.33,0.5,0.5,0.0,0.0,0.0,0.0,0.0,0.0,0.0,0.0,74.0,0.27,0.0
user0072,1,0,0,0.18,0.64,0.25,0.35,0.6,0.61,0.5,0.0,0.0,0.0,0.0,0.0,0.0,0.0,0.0,72.0,0.46,255.55555555555557
user0086,1,0,1,0.27,0.91,0.67,0.65,0.93,0.72,0.33,0.0,0.0,0.0,0.0,0.0,0.0,0.0,0.0,88.0,0.64,237.037037037037
user0028,1,0,1,0.27,,0.58,0.5,1,0.72,0.44,0.0,0.0,0.0,0.0,0.0,0.0,0.0,0.0,89.0,,
user0057,1,0,1,0.64,0.73,0.67,0.8,0.8,0.72,0,0.0,0.0,0.0,0.0,0.0,0.0,0.0,0.0,71.0,0.08999999999999997,14.062499999999995
user0058,1,0,1,0.18,0.09,0.58,0.55,0.53,0.72,0.56,0.0,0.0,0.0,0.0,0.0,0.0,0.0,0.0,34.0,-0.09,-50.0
user0061,1,0,1,0.09,0.09,0.33,0,0.6,0.56,0.44,0.0,0.0,0.0,0.0,0.0,0.0,0.0,0.0,89.0,0.0,0.0
user0016,1,0,1,0.18,,1,0.9,0.93,0.89,0.61,0.0,0.0,0.0,0.0,0.0,0.0,0.0,0.0,60.0,,
user0066,1,0,1,0.18,0.09,0.58,0.4,0.73,0.78,0.56,0.0,0.0,0.0,0.0,0.0,0.0,0.0,0.0,57.0,-0.09,-50.0
user0073,1,0,1,0.09,0.09,0.58,0.3,0.67,0.78,0.39,0.0,0.0,0.0,0.0,0.0,0.0,0.0,0.0,85.0,0.0,0.0
user0081,1,0,1,0.18,0.91,0.5,0.75,0.93,0.83,0.61,0.0,0.0,0.0,0.0,0.0,0.0,0.0,0.0,91.0,0.73,405.55555555555554
user0018,1,0,1,0.09,0.27,0.5,0.35,0.87,0.78,0.56,0.0,0.0,0.0,0.0,0.0,0.0,0.0,0.0,84.0,0.18000000000000002,200.00000000000006
user0031,0,0,1,0.36,,0.58,0.25,0.67,0.67,0.67,0.0,0.0,0.0,0.0,0.0,0.0,0.0,0.0,0.0,,
user0063,1,0,1,0.27,,0.42,0.65,0.67,0.67,0.67,0.0,0.0,0.0,0.0,0.0,0.0,0.0,0.0,80.0,,
user0033,1,0,0,0.0,0.09,0.67,0.4,0.87,0.61,0.78,0.0,0.0,0.0,0.0,0.0,0.0,0.0,0.0,75.0,0.09,0.0
user0044,1,0,0,0.09,0.0,0.58,0.45,0.67,0.67,0.67,0.0,0.0,0.0,0.0,0.0,0.0,0.0,0.0,54.0,-0.09,-100.0
user0007,1,0,1,0.09,1.0,0.58,0.15,0.67,0.67,0.67,0.0,0.0,0.0,0.0,0.0,0.0,0.0,0.0,81.0,0.91,1011.1111111111112
user0012,1,0,1,0.18,0.36,0.42,0.3,0.4,0.67,0.67,0.0,0.0,0.0,0.0,0.0,0.0,0.0,0.0,33.0,0.18,100.0
user0068,1,0,1,0.27,0.82,0.67,0.6,0.93,0.67,0.67,0.0,0.0,0.0,0.0,0.0,0.0,0.0,0.0,87.0,0.5499999999999999,203.70370370370367
user0083,1,0,1,0.09,0.82,0.5,0.65,0.8,0.61,0.83,0.0,0.0,0.0,0.0,0.0,0.0,0.0,0.0,89.0,0.73,811.1111111111111
user0015,1,0,1,0.27,,0.58,0.85,0.73,0.78,0.83,0.0,0.0,0.0,0.0,0.0,0.0,0.0,0.0,85.0,,
user0021,1,0,1,0.18,,0.67,0.65,1,0.94,0.83,0.0,0.0,0.0,0.0,0.0,0.0,0.0,0.0,93.0,,
user0041,1,0,1,0.09,,0.83,0.9,1,0.83,1,0.0,0.0,0.0,0.0,0.0,0.0,0.0,0.0,57.0,,
user0076,1,0,1,0.45,0.82,0.5,0.75,0.67,0.83,0.67,0.0,0.0,0.0,0.0,0.0,0.0,0.0,0.0,84.0,0.36999999999999994,82.22222222222221
user0023,1,0,0,0.36,0.55,0.67,0.7,0.93,0.78,0.72,0.0,0.0,0.0,0.0,0.0,0.0,0.0,0.0,87.0,0.19000000000000006,52.7777777777778
user0039,1,0,1,0.64,0.18,0.5,0.7,0.73,0.94,1,0.0,0.0,0.0,0.0,0.0,0.0,0.0,0.0,82.0,-0.46,-71.875
user0075,1,0,1,0.55,0.64,0.75,0.6,1,0.94,0.94,0.0,0.0,0.0,0.0,0.0,0.0,0.0,0.0,78.0,0.08999999999999997,16.36363636363636
user0088,1,0, ,,0.73, , , , , ,7192269966.0,1040.0,10004.0,1040.0,387504377.0,6804765589.0,2744.0,7260.0,68.0,,0.0
user0005,1,0,1,0.64,1.0,0.75,0.8,1,0.89,0.33,21435401.0,4.0,35.0,4.0,5358875.0,16076526.0,19.0,16.0,90.0,0.36,56.25
user0025,1,0,1,0.09,,0.67,0.3,1,1,0,831461018.0,125.0,1953.0,125.0,85104280.0,746356738.0,720.0,1233.0,69.0,,
user0059,1,0,1,0.09,0.36,0.75,0.6,0.53,0.83,0,3035050848.0,441.0,9550.0,441.0,346324987.0,2688725861.0,2800.0,6750.0,66.0,0.27,300.00000000000006
user0070,1,0,1,0.27,0.91,0.5,0.7,0.93,1,0.56,7762843899.0,997.0,29790.0,997.0,373179168.0,7389664731.0,7177.0,22613.0,60.0,0.64,237.037037037037
user0004,1,0,1,0.0,0.73,0.42,0.4,0.47,0.44,0.67,227620530.0,35.0,837.0,35.0,46476730.0,181143800.0,380.0,457.0,90.0,0.73,0.0
user0051,1,0,1,0.09,0.64,0.58,0.25,0.6,0.72,0.94,78267446.0,11.0,415.0,11.0,64036550.0,14230896.0,326.0,89.0,91.0,0.55,611.1111111111112
user0060,1,0,1,0.18,0.91,0.5,0.6,0.67,0.56,0.67,32762783.0,5.0,123.0,5.0,19659967.0,13102816.0,92.0,31.0,95.0,0.73,405.55555555555554
user0067,1,0,1,0.45,0.45,0.58,0.55,0.93,0.72,0.83,1263048824.0,176.0,1392.0,176.0,143529818.0,1119519006.0,575.0,817.0,95.0,0.0,0.0
user0056,1,0,0,0.0,0.73,0.58,0.55,0.47,0.72,0.78,630615638.0,116.0,2469.0,116.0,154243083.0,476372555.0,1130.0,1339.0,77.0,0.73,0.0
user0079,1,0,1,0.18,0.64,0.33,0.3,0.33,0.67,0.67,1961883843.0,294.0,1541.0,294.0,126784687.0,1835099156.0,563.0,978.0,88.0,0.46,255.55555555555557
user0082,1,0,1,0.27,0.64,0.5,0.65,0.47,0.67,0.67,43055077.0,6.0,405.0,6.0,43055077.0,0.0,405.0,0.0,53.0,0.37,137.037037037037
user0027,1,0,1,0.27,0.64,0.58,0.65,0.67,0.78,0.67,540490430.0,81.0,203.0,81.0,0.0,540490430.0,0.0,203.0,94.0,0.37,137.037037037037
user0077,1,0,1,0.09,0.64,0.25,0.45,0.6,0.78,0.89,591277125.0,83.0,9507.0,83.0,341984481.0,249292644.0,6513.0,2994.0,70.0,0.55,611.1111111111112
user0024, ,1,1,,,1,0.65,0.87,1,0.67,1420354776.0,185.0,1706.0,185.0,108078553.0,1312276223.0,641.0,1065.0,0.0,,0.0
user0003,0,0,1,0.27,,0.5,0.4,0.87,0.33,0,653388.0,1.0,37.0,1.0,653388.0,0.0,37.0,0.0,0.0,,
user0032,1,0,1,0.09,,0.5,0.15,0.8,0.67,0.44,277947763.0,108.0,614.0,108.0,46617913.0,231329850.0,340.0,274.0,65.0,,
user0055,1,0,1,0.18,,0.5,0.45,0.33,0.56,0.61,89080489.0,124.0,1221.0,124.0,8610188.0,80470301.0,730.0,491.0,66.0,,
user0065,1,0,1,0.09,,0.5,0.45,0.67,0.5,0.61,983196429.0,238.0,1225.0,238.0,80451845.0,902744584.0,479.0,746.0,76.0,,
user0085,0,0,1,0.45,,0.42,0.6,0.67,0.67,0.44,2497724.0,2.0,31.0,2.0,2497724.0,0.0,31.0,0.0,0.0,,
user0017,1,0,0,0.09,0.73,0.33,0.35,0.6,0.56,0.17,457336479.0,137.0,1710.0,137.0,42371740.0,414964739.0,528.0,1182.0,91.0,0.64,711.1111111111112
user0042,1,0,1,0.09,1.0,0.25,0.45,0.53,0.56,0.17,4741852675.0,892.0,8207.0,892.0,485493781.0,4256358894.0,3079.0,5128.0,87.0,0.91,1011.1111111111112
user0050,1,0,1,0.09,0.27,0.33,0.45,0.47,0.44,0.56,5041609532.0,850.0,4436.0,850.0,85918889.0,4955690643.0,528.0,3908.0,81.0,0.18000000000000002,200.00000000000006
user0011,1,0,1,0.27,0.82,0.58,0.45,0.67,0.61,0.22,195355703.0,263.0,3426.0,263.0,12006107.0,183349596.0,751.0,2675.0,87.0,0.5499999999999999,203.70370370370367
user0020,1,0,1,0.27,0.91,0.58,0.6,0.73,0.67,0.33,1498032237.0,747.0,8358.0,747.0,96447026.0,1401585211.0,2679.0,5679.0,93.0,0.64,237.037037037037
user0022,1,0,1,0.27,0.55,0.33,0.2,0.93,0.5,0,3841256051.0,559.0,28670.0,559.0,697833449.0,3143422602.0,7465.0,21205.0,52.0,0.28,103.7037037037037
user0030,1,0,1,0.09,0.82,0.42,0.5,0.73,0.5,0.39,445440971.0,154.0,843.0,154.0,42195344.0,403245627.0,384.0,459.0,70.0,0.73,811.1111111111111
user0035,1,0,0,0.36,0.36,0.33,0.55,0.6,0.5,0.5,20339529.0,10.0,123.0,10.0,850061.0,19489468.0,99.0,24.0,58.0,0.0,0.0
user0084,1,0,0,0.0,,0.75,0.35,0.93,0.94,0.5,1115211634.0,265.0,2020.0,265.0,47265635.0,1067945999.0,436.0,1584.0,81.0,,0.0
user0008,1,0,1,0.45,0.64,0.67,0.7,0.67,0.89,0.33,4131843107.0,830.0,14409.0,830.0,264425348.0,3867417759.0,3529.0,10880.0,100.0,0.19,42.22222222222222
user0009,1,0,1,0.09,,0.58,0.65,0.8,0.78,0,4192448665.0,731.0,3874.0,731.0,205209273.0,3987239392.0,1042.0,2832.0,88.0,,
user0053,1,0,1,0.18,0.91,0.5,0.55,0.73,0.83,0.5,1862793843.0,281.0,1850.0,281.0,101501522.0,1761292321.0,667.0,1183.0,90.0,0.73,405.55555555555554
user0019,0,0,0,0.55,,0.67,0.6,0.67,0.72,0.67,6205342.0,50.0,622.0,50.0,731093.0,5474249.0,303.0,319.0,0.0,,
user0026,1,0,1,0.09,0.55,0.83,0.5,0.67,0.67,0.67,365479698.0,53.0,2808.0,53.0,225564610.0,139915088.0,2187.0,621.0,91.0,0.4600000000000001,511.11111111111126
user0062,1,0,1,0.45,0.64,0.33,0.65,0.8,0.72,0.83,268478923.0,88.0,559.0,88.0,24404049.0,244074874.0,284.0,275.0,94.0,0.19,42.22222222222222
user0045, ,1,1,,,0.83,0.55,0.73,0.72,0.72,7170852767.0,1060.0,8943.0,1060.0,319739869.0,6851112898.0,2500.0,6443.0,0.0,,0.0
user0010,1,0,1,0.18,,0.83,0.85,0.67,0.83,0.89,241754233.0,110.0,1793.0,110.0,28541468.0,213212765.0,327.0,1466.0,85.0,,
user0049,1,0,1,0.36,0.91,0.75,0.65,1,0.78,0.67,1648663776.0,489.0,4238.0,489.0,154228374.0,1494435402.0,1474.0,2764.0,80.0,0.55,152.7777777777778
user0029,1,0,1,0.27,0.91,0.67,0.45,1,0.89,0.94,1007841521.0,381.0,5130.0,381.0,47062971.0,960778550.0,828.0,4302.0,99.0,0.64,237.037037037037
user0034,1,0,1,0.18,0.82,0.5,0.6,0.6,0.89,0.83,601652402.0,94.0,2460.0,94.0,248647731.0,353004671.0,1435.0,1025.0,100.0,0.6399999999999999,355.55555555555554
user0036,1,0,1,0.18,0.91,0.92,0.75,0.73,0.89,0.67,591551754.0,322.0,5607.0,322.0,89606894.0,501944860.0,2320.0,3287.0,100.0,0.73,405.55555555555554
user0037,1,0,1,0.0,0.82,0.58,0.5,0.8,0.83,0.83,669206008.0,113.0,1302.0,113.0,77039350.0,592166658.0,635.0,667.0,97.0,0.82,0.0
user0052,1,0,1,0.91,0.91,0.92,0.9,0.93,0.83,0.83,29854227.0,82.0,349.0,82.0,1456155.0,28398072.0,96.0,253.0,95.0,0.0,0.0
user0168,0,0, ,0.0,, , , , , ,0.0,0.0,0.0,0.0,0.0,0.0,0.0,0.0,0.0,,0.0
user0180,0,0, ,0.64,, , , , , ,0.0,0.0,0.0,0.0,0.0,0.0,0.0,0.0,0.0,,
user0186,0,0, ,,, , , , , ,0.0,0.0,0.0,0.0,0.0,0.0,0.0,0.0,0.0,,0.0
user0212,0,0, ,,, , , , , ,0.0,0.0,0.0,0.0,0.0,0.0,0.0,0.0,0.0,,0.0
user0214,0,0, ,,, , , , , ,0.0,0.0,0.0,0.0,0.0,0.0,0.0,0.0,0.0,,0.0
user0216, ,1, ,,, , , , , ,0.0,0.0,0.0,0.0,0.0,0.0,0.0,0.0,0.0,,0.0
user0213,1,0, ,,0.55, , , , , ,0.0,0.0,0.0,0.0,0.0,0.0,0.0,0.0,84.0,,0.0
user0134,1,0,1,0.09,,0.5,0.5,0.67,0.5,0.5,0.0,0.0,0.0,0.0,0.0,0.0,0.0,0.0,89.0,,
user0139,0,0,1,0.09,,0.5,0.15,0.6,0.67,0.56,0.0,0.0,0.0,0.0,0.0,0.0,0.0,0.0,0.0,,
user0140,0,0,1,0.36,,0.67,0.9,0.73,0.61,0,0.0,0.0,0.0,0.0,0.0,0.0,0.0,0.0,0.0,,
user0161,1,0,1,0.45,,0.67,0.65,0.67,0.72,0.61,0.0,0.0,0.0,0.0,0.0,0.0,0.0,0.0,53.0,,
user0182,1,0,1,0.45,0.82,0.42,0.65,0.53,0.44,0.06,0.0,0.0,0.0,0.0,0.0,0.0,0.0,0.0,83.0,0.36999999999999994,82.22222222222221
user0190,1,0,1,0.18,,0.33,0.5,0.53,0.17,0.11,0.0,0.0,0.0,0.0,0.0,0.0,0.0,0.0,45.0,,
user0196,1,0,1,0.09,,0.5,0.65,0.6,0.44,0.44,0.0,0.0,0.0,0.0,0.0,0.0,0.0,0.0,63.0,,
user0207,0,0,1,0.0,,0.83,0.45,0.87,0.67,0.28,0.0,0.0,0.0,0.0,0.0,0.0,0.0,0.0,0.0,,0.0
user0211,0,0,1,0.18,,0.5,0.45,0.67,0.44,0.44,0.0,0.0,0.0,0.0,0.0,0.0,0.0,0.0,0.0,,
user0137,1,0,1,0.27,0.45,0.42,0.5,0.6,0.61,0.44,36377054.0,15.0,128.0,15.0,0.0,36377054.0,0.0,128.0,96.0,0.18,66.66666666666666
user0159,1,0,1,0.27,1.0,0.33,0.8,0.47,0.44,0.22,0.0,0.0,0.0,0.0,0.0,0.0,0.0,0.0,100.0,0.73,270.3703703703703
user0202,1,0,1,0.18,0.55,0.5,0.55,0.73,0.61,0.61,0.0,0.0,0.0,0.0,0.0,0.0,0.0,0.0,63.0,0.37000000000000005,205.55555555555557
user0157,1,0,1,0.45,0.64,0.67,0.5,0.67,0.72,0.61,0.0,0.0,0.0,0.0,0.0,0.0,0.0,0.0,89.0,0.19,42.22222222222222
user0185,1,0,1,0.09,0.64,0.33,0.25,0.33,0.17,0.17,1584393308.0,220.0,543.0,220.0,0.0,1584393308.0,0.0,543.0,56.0,0.55,611.1111111111112
user0194,1,0,1,0.18,0.55,0.5,0.3,0.4,0.61,0.22,0.0,0.0,0.0,0.0,0.0,0.0,0.0,0.0,85.0,0.37000000000000005,205.55555555555557
user0201,1,0,1,0.18,0.64,0.67,0.35,0.8,0.72,0.44,0.0,0.0,0.0,0.0,0.0,0.0,0.0,0.0,77.0,0.46,255.55555555555557
user0144,1,0,1,0.27,,0.58,0.6,0.93,0.94,0.61,0.0,0.0,0.0,0.0,0.0,0.0,0.0,0.0,62.0,,
user0148,0,0,0,0.36,,0.58,0.6,0.93,0.89,0,0.0,0.0,0.0,0.0,0.0,0.0,0.0,0.0,0.0,,
user0198,0,0,1,0.09,,0.58,0,0.8,0.89,0.56,0.0,0.0,0.0,0.0,0.0,0.0,0.0,0.0,0.0,,
user0172,1,0,1,0.27,0.73,0.58,0.65,0.73,0.78,0.5,0.0,0.0,0.0,0.0,0.0,0.0,0.0,0.0,95.0,0.45999999999999996,170.37037037037035
user0208,1,0,1,0.09,0.64,0.67,0.15,0.93,0.94,0,0.0,0.0,0.0,0.0,0.0,0.0,0.0,0.0,62.0,0.55,611.1111111111112
user0143,1,0,1,0.82,,0.5,0.7,0.67,0.44,0.67,0.0,0.0,0.0,0.0,0.0,0.0,0.0,0.0,91.0,,
user0184,0,0,1,0.73,,0.83,1,0.93,0.5,0.67,0.0,0.0,0.0,0.0,0.0,0.0,0.0,0.0,0.0,,
user0187,1,0,1,0.09,,0.58,0.4,0.67,0.67,0.72,0.0,0.0,0.0,0.0,0.0,0.0,0.0,0.0,22.0,,
user0175,1,0,0,0.18,0.45,0.42,0.5,0.53,0.61,0.72,0.0,0.0,0.0,0.0,0.0,0.0,0.0,0.0,80.0,0.27,150.00000000000003
user0200,1,0,1,0.09,0.18,0.58,0.25,0.6,0.67,0.67,0.0,0.0,0.0,0.0,0.0,0.0,0.0,0.0,49.0,0.09,100.0
user0174,1,0,1,0.09,0.73,0.67,0.5,0.6,0.56,0.67,0.0,0.0,0.0,0.0,0.0,0.0,0.0,0.0,69.0,0.64,711.1111111111112
user0177,0,0,1,0.0,0.09,0.33,0.4,0.6,0.67,0.67,0.0,0.0,0.0,0.0,0.0,0.0,0.0,0.0,0.0,0.09,0.0
user0192,1,0,1,0.09,0.55,0.67,0.75,0.73,0.72,0.67,43010837.0,6.0,67.0,6.0,0.0,43010837.0,0.0,67.0,70.0,0.4600000000000001,511.11111111111126
user0147,0,0,1,0.64,,0.83,0.6,0.8,0.89,0.67,0.0,0.0,0.0,0.0,0.0,0.0,0.0,0.0,0.0,,
user0162,1,0,1,0.0,,0.5,0.65,0.67,0.89,0.94,0.0,0.0,0.0,0.0,0.0,0.0,0.0,0.0,84.0,,0.0
user0209,0,0,1,0.55,,0.67,0.75,0.8,1,1,0.0,0.0,0.0,0.0,0.0,0.0,0.0,0.0,0.0,,
user0133,1,0,1,0.27,0.82,0.75,0.8,0.8,0.78,0.67,0.0,0.0,0.0,0.0,0.0,0.0,0.0,0.0,72.0,0.5499999999999999,203.70370370370367
user0129,1,0,1,0.09,0.55,0.58,0.65,0.8,0.78,0.78,0.0,0.0,0.0,0.0,0.0,0.0,0.0,0.0,84.0,0.4600000000000001,511.11111111111126
user0155,0,0,0,0.09,0.18,0.83,0.25,0.93,1,0.67,0.0,0.0,0.0,0.0,0.0,0.0,0.0,0.0,0.0,0.09,100.0
user0204,1,0,1,0.0,0.36,0.58,0.55,0.67,0.83,0.83,0.0,0.0,0.0,0.0,0.0,0.0,0.0,0.0,71.0,0.36,0.0
user0136,1,0,1,0.09,0.55,0.67,0.3,0.67,0.44,0.5,45796031.0,9.0,232.0,9.0,9982999.0,35813032.0,76.0,156.0,84.0,0.4600000000000001,511.11111111111126
user0146,1,0,1,0.09,0.55,0.5,0.45,0.67,0.67,0.5,13029688.0,2.0,65.0,2.0,13029688.0,0.0,65.0,0.0,80.0,0.4600000000000001,511.11111111111126
user0156,1,0,1,0.09,0.27,0.5,0.25,0.6,0.61,0.5,998049843.0,141.0,1336.0,141.0,84938243.0,913111600.0,430.0,906.0,69.0,0.18000000000000002,200.00000000000006
user0179,1,0,1,0.09,0.45,0.58,0.45,0.87,0.5,0.39,708199026.0,100.0,770.0,100.0,62673160.0,645525866.0,390.0,380.0,84.0,0.36,400.0
user0205,1,0,1,0.18,0.82,0.58,0.45,0.67,0.56,0.44,409350476.0,59.0,2858.0,59.0,152633678.0,256716798.0,1610.0,1248.0,85.0,0.6399999999999999,355.55555555555554
user0135,1,0,1,0.09,0.91,0.58,0.35,0.67,0.56,0.5,645129816.0,97.0,2428.0,97.0,146330289.0,498799527.0,1083.0,1345.0,89.0,0.8200000000000001,911.1111111111112
user0158,1,0,1,0.18,0.73,0.33,0.4,0.53,0.67,0.56,159462309.0,25.0,354.0,25.0,31112000.0,128350309.0,117.0,237.0,77.0,0.55,305.5555555555556
user0178,1,0,0,0.09,0.18,0.58,0.5,0.67,0.67,0.5,1523381052.0,214.0,4927.0,214.0,455551580.0,1067829472.0,3869.0,1058.0,73.0,0.09,100.0
user0130,1,0,1,0.18,0.91,0.58,0.7,0.93,1,0.5,369734559.0,56.0,471.0,56.0,66022822.0,303711737.0,179.0,292.0,89.0,0.73,405.55555555555554
user0171,1,0,0,0.18,0.73,0.67,0.8,0.8,0.78,0.5,1674946023.0,270.0,5953.0,270.0,163733865.0,1511212158.0,2918.0,3035.0,97.0,0.55,305.5555555555556
user0193,1,0,0,0.0,0.45,0.58,0.5,0.93,0.78,0.5,293582172.0,45.0,2114.0,45.0,123958894.0,169623278.0,817.0,1297.0,75.0,0.45,0.0
user0132,1,0,1,0.18,0.91,0.67,0.5,0.8,0.83,0.61,327813578.0,46.0,1180.0,46.0,114025668.0,213787910.0,666.0,514.0,100.0,0.73,405.55555555555554
user0197,1,0,1,1.0,0.82,0.92,0.7,1,0.89,0.61,438727469.0,62.0,478.0,62.0,77836024.0,360891445.0,201.0,277.0,80.0,-0.18000000000000005,-18.000000000000004
user0163,1,0,1,0.09,,0.67,0.7,1,0.72,0.72,751681861.0,119.0,1459.0,119.0,62775381.0,688906480.0,793.0,666.0,98.0,,
user0154,1,0,1,0.36,0.73,0.58,0.65,0.6,0.72,0.72,3426232794.0,513.0,11313.0,513.0,603146222.0,2823086572.0,4962.0,6351.0,63.0,0.37,102.77777777777779
user0150,1,0,1,0.55,0.91,0.58,0.8,0.67,0.72,0.83,19396786.0,3.0,149.0,3.0,19396786.0,0.0,149.0,0.0,88.0,0.36,65.45454545454544
user0153,1,0,1,0.27,0.64,0.42,0.4,0.6,0.72,0.67,883168287.0,179.0,2560.0,179.0,264255656.0,618912631.0,2073.0,487.0,87.0,0.37,137.037037037037
user0189,1,0,1,0.27,1.0,0.67,0.75,0.73,0.72,0.67,1748100623.0,260.0,3097.0,260.0,66835478.0,1681265145.0,345.0,2752.0,92.0,0.73,270.3703703703703
user0166,1,0,1,0.09,,0.83,0.35,0.93,0.83,0.83,1602965907.0,235.0,6320.0,235.0,302341135.0,1300624772.0,2936.0,3384.0,87.0,,
user0181,1,0,1,0.55,,0.58,0.6,0.67,0.78,0.67,1244594632.0,197.0,711.0,197.0,39753387.0,1204841245.0,170.0,541.0,93.0,,
user0183,1,0,1,0.18,,0.5,0.4,0.53,0.78,0.67,484672455.0,89.0,727.0,89.0,27226061.0,457446394.0,456.0,271.0,91.0,,
user0188,1,0,0,0.09,,0.58,0.65,0.67,0.78,0.72,20014337.0,3.0,56.0,3.0,20014337.0,0.0,56.0,0.0,48.0,,
user0142,1,0,1,0.09,0.09,0.5,0.7,0.6,0.83,0.83,26328593.0,4.0,63.0,4.0,26328593.0,0.0,63.0,0.0,94.0,0.0,0.0
user0191,1,0,0,0.09,0.55,0.08,0.05,0.73,0.78,0.89,166784185.0,25.0,396.0,25.0,53343211.0,113440974.0,205.0,191.0,48.0,0.4600000000000001,511.11111111111126
user0131,1,0,1,0.18,0.64,0.5,0.4,0.67,0.61,0.61,1369942263.0,236.0,2616.0,236.0,101333607.0,1268608656.0,1332.0,1284.0,92.0,0.46,255.55555555555557
user0165,1,0,1,0.0,0.0,0.5,0.5,0.33,0.56,0.5,5298691.0,5.0,438.0,5.0,3178787.0,2119904.0,427.0,11.0,83.0,0.0,0.0
user0138,1,0,1,0.09,0.91,0.58,0.75,0.73,0.89,0,501884111.0,351.0,4718.0,351.0,46039986.0,455844125.0,2099.0,2619.0,88.0,0.8200000000000001,911.1111111111112
user0149,1,0,0,0.18,0.55,0.92,0.5,0.93,0.83,0.28,762641250.0,180.0,3637.0,180.0,126060206.0,636581044.0,2116.0,1521.0,69.0,0.37000000000000005,205.55555555555557
user0151,1,0,0,0.09,0.45,0.42,0.4,0.33,0.78,0.61,2980223156.0,636.0,4633.0,636.0,260728893.0,2719494263.0,2063.0,2570.0,72.0,0.36,400.0
user0210,0,0,0,0.18,,0.33,0.45,0.67,0.67,0.67,65127952.0,27.0,594.0,27.0,24116390.0,41011562.0,397.0,197.0,0.0,,
user0199,1,0,1,0.27,0.45,0.5,0.5,0.67,0.67,0.72,634387375.0,196.0,3636.0,196.0,77996680.0,556390695.0,816.0,2820.0,99.0,0.18,66.66666666666666
user0128,0,0,1,0.09,,0.42,0.45,0.6,0.78,0.67,205268106.0,67.0,1264.0,67.0,18377755.0,186890351.0,319.0,945.0,0.0,,
user0169,1,0,1,0.18,,0.67,0.95,1,1,1,6572311.0,3.0,155.0,3.0,6572311.0,0.0,155.0,0.0,77.0,,
user0206,0,0,0,0.18,,0.75,0.7,0.67,0.83,0.83,13526688.0,22.0,129.0,22.0,0.0,13526688.0,0.0,129.0,0.0,,
user0141,1,0,1,0.18,0.73,0.67,0.65,0.73,0.83,1,45215443.0,155.0,2571.0,155.0,10503940.0,34711503.0,1951.0,620.0,97.0,0.55,305.5555555555556
user0145,1,0,1,0.0,0.64,0.5,0.45,0.6,0.83,0.83,3427880772.0,610.0,4567.0,610.0,126518296.0,3301362476.0,983.0,3584.0,87.0,0.64,0.0
user0152,1,0,0,0.27,0.91,0.5,0.5,0.8,0.78,0.67,585025452.0,232.0,3180.0,232.0,54822777.0,530202675.0,513.0,2667.0,97.0,0.64,237.037037037037
user0160,1,0,1,0.27,0.36,0.58,0.6,0.6,0.83,0.83,2001656811.0,455.0,2441.0,455.0,173096966.0,1828559845.0,928.0,1513.0,95.0,0.08999999999999997,33.33333333333332
user0164,1,0,1,0.18,0.73,0.5,0.35,0.6,1,0.94,1275834471.0,662.0,6827.0,662.0,5950160.0,1269884311.0,280.0,6547.0,99.0,0.55,305.5555555555556
user0167,1,0,0,1.0,0.73,0.75,0.75,0.67,0.78,0.67,2734733406.0,731.0,4953.0,731.0,206523138.0,2528210268.0,2074.0,2879.0,99.0,-0.27,-27.0
user0170,1,0,1,0.82,0.82,1,0.9,1,0.94,0.67,45418624.0,173.0,1281.0,173.0,1571726.0,43846898.0,114.0,1167.0,97.0,0.0,0.0
user0173,1,0,1,0.18,1.0,0.42,0.55,0.6,0.78,0.72,623113776.0,164.0,1213.0,164.0,25210259.0,597903517.0,274.0,939.0,65.0,0.8200000000000001,455.5555555555556
user0176,1,0,1,0.64,,0.58,0.7,0.93,0.78,0.67,1440191225.0,644.0,3438.0,644.0,103429576.0,1336761649.0,1225.0,2213.0,76.0,,
user0332,0,0, ,,, , , , , ,0.0,0.0,0.0,0.0,0.0,0.0,0.0,0.0,0.0,,0.0
user0336,0,0, ,,, , , , , ,0.0,0.0,0.0,0.0,0.0,0.0,0.0,0.0,0.0,,0.0
user0339,0,0, ,,, , , , , ,0.0,0.0,0.0,0.0,0.0,0.0,0.0,0.0,0.0,,0.0
user0260,1,0, ,,, , , , , ,0.0,0.0,0.0,0.0,0.0,0.0,0.0,0.0,83.0,,0.0
user0318,1,0, ,0.09,, , , , , ,0.0,0.0,0.0,0.0,0.0,0.0,0.0,0.0,78.0,,
user0340,1,1, ,,, , , , , ,0.0,0.0,0.0,0.0,0.0,0.0,0.0,0.0,84.0,,0.0
user0341, ,1, ,,, , , , , ,0.0,0.0,0.0,0.0,0.0,0.0,0.0,0.0,0.0,,0.0
user0287,1,0,1,0.09,,0.75,0.15,0.87,0.67,0.44,0.0,0.0,0.0,0.0,0.0,0.0,0.0,0.0,70.0,,
user0288,0,0,1,0.09,,0.5,0.45,0.67,0.67,0.44,0.0,0.0,0.0,0.0,0.0,0.0,0.0,0.0,0.0,,
user0296,0,0,1,0.18,,0.58,0.4,0.6,0.61,0.5,0.0,0.0,0.0,0.0,0.0,0.0,0.0,0.0,0.0,,
user0303,0,0,1,0.0,,0,0.1,0.53,0.11,0.17,0.0,0.0,0.0,0.0,0.0,0.0,0.0,0.0,0.0,,0.0
user0317,0,0,1,0.45,,0.67,0.5,0.67,0.5,0.5,0.0,0.0,0.0,0.0,0.0,0.0,0.0,0.0,0.0,,
user0329,0,0,1,0.18,,0.58,0.5,0.8,0.61,0.33,0.0,0.0,0.0,0.0,0.0,0.0,0.0,0.0,0.0,,
user0263,1,0,1,0.09,0.09,0.67,0.55,0.53,0.56,0.61,185012412.0,26.0,81.0,26.0,0.0,185012412.0,0.0,81.0,50.0,0.0,0.0
user0311,1,0,1,0.18,0.73,0.58,0.5,0.73,0.72,0.56,0.0,0.0,0.0,0.0,0.0,0.0,0.0,0.0,93.0,0.55,305.5555555555556
user0312,1,0,1,0.09,0.82,0.33,0.5,0.6,0.5,0.5,0.0,0.0,0.0,0.0,0.0,0.0,0.0,0.0,66.0,0.73,811.1111111111111
user0330,1,0,1,0.18,,0.58,0.5,0.87,0.5,0.5,0.0,0.0,0.0,0.0,0.0,0.0,0.0,0.0,61.0,,
user0334,1,0,1,0.18,0.0,0.33,0.5,0.53,0.39,0.61,48505161.0,20.0,109.0,20.0,0.0,48505161.0,0.0,109.0,34.0,-0.18,-100.0
user0335,1,0,1,0.09,0.18,0.5,0.2,0.67,0.67,0.56,0.0,0.0,0.0,0.0,0.0,0.0,0.0,0.0,70.0,0.09,100.0
user0269,1,0,1,0.27,0.36,0.33,0.65,0.53,0.44,0,0.0,0.0,0.0,0.0,0.0,0.0,0.0,0.0,62.0,0.08999999999999997,33.33333333333332
user0308,1,0,1,0.18,0.73,0.5,0.6,0.47,0.67,0.5,0.0,0.0,0.0,0.0,0.0,0.0,0.0,0.0,83.0,0.55,305.5555555555556
user0261,1,0,1,1.0,0.73,0.58,0.55,0.73,0.83,0.56,0.0,0.0,0.0,0.0,0.0,0.0,0.0,0.0,100.0,-0.27,-27.0
user0301,1,0,1,0.18,0.45,0.33,0.5,0.6,0.78,0.5,0.0,0.0,0.0,0.0,0.0,0.0,0.0,0.0,67.0,0.27,150.00000000000003
user0309,1,0,0,0.09,0.36,0.58,0.55,0.4,0.78,0.44,136892458.0,22.0,67.0,22.0,0.0,136892458.0,0.0,67.0,82.0,0.27,300.00000000000006
user0297,0,0,1,0.27,,0.25,0.65,0.67,0.61,0.72,0.0,0.0,0.0,0.0,0.0,0.0,0.0,0.0,0.0,,
user0306,0,0,1,0.27,,0.58,0.5,0.8,0.61,0.72,0.0,0.0,0.0,0.0,0.0,0.0,0.0,0.0,0.0,,
user0321,1,0,1,0.18,,0.42,0.5,0,0.56,0.83,0.0,0.0,0.0,0.0,0.0,0.0,0.0,0.0,73.0,,
user0266,1,0,1,0.09,0.36,0.58,0.65,0.8,0.61,0.83,0.0,0.0,0.0,0.0,0.0,0.0,0.0,0.0,85.0,0.27,300.00000000000006
user0267,0,0,1,0.09,,0.75,0.7,0.73,0.83,0.83,0.0,0.0,0.0,0.0,0.0,0.0,0.0,0.0,0.0,,
user0291,0,0,0,0.0,,0.58,0.25,0.67,0.83,0.89,0.0,0.0,0.0,0.0,0.0,0.0,0.0,0.0,0.0,,0.0
user0307,1,0,1,0.73,,0.58,0.9,0.67,0.89,0.67,0.0,0.0,0.0,0.0,0.0,0.0,0.0,0.0,80.0,,
user0331,0,0,1,0.36,,0.67,0.3,0.93,1,0.89,0.0,0.0,0.0,0.0,0.0,0.0,0.0,0.0,0.0,,
user0256,1,0,1,0.09,0.73,0.58,0.7,0.6,0.83,0.78,0.0,0.0,0.0,0.0,0.0,0.0,0.0,0.0,68.0,0.64,711.1111111111112
user0258,1,0,1,0.27,1.0,0.5,0.55,0.8,0.94,0.67,0.0,0.0,0.0,0.0,0.0,0.0,0.0,0.0,94.0,0.73,270.3703703703703
user0259,1,0,1,0.82,0.91,1,0.75,1,0.83,0.83,0.0,0.0,0.0,0.0,0.0,0.0,0.0,0.0,90.0,0.09000000000000008,10.97560975609757
user0314,1,0,1,0.18,0.36,0.58,0.3,0.6,0.78,0.67,179087711.0,72.0,355.0,72.0,0.0,179087711.0,0.0,355.0,88.0,0.18,100.0
user0328,1,0,1,0.27,0.91,0.58,0.9,0.6,0.83,0.67,0.0,0.0,0.0,0.0,0.0,0.0,0.0,0.0,81.0,0.64,237.037037037037
user0283,1,0,1,0.09,0.45,0.33,0.25,0.6,0.83,0.83,0.0,0.0,0.0,0.0,0.0,0.0,0.0,0.0,85.0,0.36,400.0
user0284,1,0,1,0.0,0.45,0.58,0,0.67,0.89,0.83,0.0,0.0,0.0,0.0,0.0,0.0,0.0,0.0,96.0,0.45,0.0
user0286,1,0,1,0.55,,0.67,0.75,0.73,0.89,0.89,0.0,0.0,0.0,0.0,0.0,0.0,0.0,0.0,86.0,,
user0293,1,0,1,0.0,0.64,0.5,0.5,0.53,0.78,0.67,0.0,0.0,0.0,0.0,0.0,0.0,0.0,0.0,93.0,0.64,0.0
user0319,1,0,1,0.09,0.27,0.83,0.5,0.6,0.78,0.83,0.0,0.0,0.0,0.0,0.0,0.0,0.0,0.0,43.0,0.18000000000000002,200.00000000000006
user0337,1,0, ,,0.55, , , , , ,313807700.0,43.0,480.0,43.0,51083830.0,262723870.0,201.0,279.0,88.0,,0.0
user0323,1,0,1,0.27,0.64,0.58,0.45,0.73,0.72,0.17,431826900.0,60.0,2750.0,60.0,194154742.0,237672158.0,1764.0,986.0,89.0,0.37,137.037037037037
user0253,1,0,1,0.09,0.18,0.58,0.7,0.67,0.56,0.44,43022224.0,6.0,66.0,6.0,28681547.0,14340677.0,54.0,12.0,58.0,0.09,100.0
user0277,1,0,0,0.09,0.18,0.5,0.25,0.67,0.44,0.17,1745992656.0,249.0,1013.0,249.0,70115412.0,1675877244.0,256.0,757.0,76.0,0.09,100.0
user0278,1,0,0,0.0,0.45,0.67,0.4,0.67,0.72,0.61,429352297.0,87.0,504.0,87.0,23988942.0,405363355.0,152.0,352.0,92.0,0.45,0.0
user0304,1,0,1,0.36,0.73,0.58,0.45,0.67,0.67,0.56,683265222.0,105.0,957.0,105.0,47732166.0,635533056.0,322.0,635.0,97.0,0.37,102.77777777777779
user0310,1,0,0,0.18,0.64,0.5,0.45,0.6,0.5,0.33,2600084347.0,361.0,2549.0,361.0,223279851.0,2376804496.0,1075.0,1474.0,81.0,0.46,255.55555555555557
user0320,1,0,0,0.18,1.0,0.42,0.15,1,0.5,0.28,529586698.0,139.0,2175.0,139.0,38079350.0,491507348.0,307.0,1868.0,98.0,0.8200000000000001,455.5555555555556
user0327,1,0,1,0.64,,0.42,0.6,0.8,0.67,0.67,6087495.0,1.0,25.0,1.0,6087495.0,0.0,25.0,0.0,84.0,,
user0282,1,0,1,0.18,0.55,0.42,0.5,0.6,0.56,0.67,7136550811.0,1011.0,12118.0,1011.0,409916124.0,6726634687.0,3925.0,8193.0,69.0,0.37000000000000005,205.55555555555557
user0333,1,0,1,0.45,0.45,0.5,0.4,0.87,0.56,0.72,312098411.0,59.0,652.0,59.0,31580200.0,280518211.0,176.0,476.0,94.0,0.0,0.0
user0299,1,0,1,0.27,0.91,0.58,0.8,0.6,0.61,0.67,2267442461.0,331.0,2450.0,331.0,212374397.0,2055068064.0,1198.0,1252.0,97.0,0.64,237.037037037037
user0315,1,0,1,0.45,0.73,0.67,0.55,0.8,0.61,1,15603893.0,2.0,44.0,2.0,15603893.0,0.0,44.0,0.0,90.0,0.27999999999999997,62.222222222222214
user0316,1,0,0,0.27,0.73,0.5,0.4,0.93,0.61,0.83,3416610510.0,643.0,6868.0,643.0,189796838.0,3226813672.0,2457.0,4411.0,89.0,0.45999999999999996,170.37037037037035
user0326,1,0,1,0.18,0.82,0.58,0.4,0.73,0.72,0.67,261206051.0,36.0,1287.0,36.0,94321163.0,166884888.0,473.0,814.0,69.0,0.6399999999999999,355.55555555555554
user0294,1,0,0,0.09,,0.67,0.7,0.73,1,0.67,577251593.0,106.0,1035.0,106.0,43563322.0,533688271.0,644.0,391.0,57.0,,
user0264,1,0,0,0.09,0.09,0.67,0.6,0.67,0.78,0.78,1013563147.0,165.0,2043.0,165.0,92130043.0,921433104.0,445.0,1598.0,70.0,0.0,0.0
user0271,1,0,1,0.18,0.73,0.58,0.55,0.87,0.78,0.78,338847115.0,83.0,417.0,83.0,24493451.0,314353664.0,188.0,229.0,93.0,0.55,305.5555555555556
user0285,1,0,1,0.18,0.45,0.58,0.2,0.6,0.78,0.83,598582535.0,108.0,727.0,108.0,88677571.0,509904964.0,310.0,417.0,89.0,0.27,150.00000000000003
user0305,1,0,1,0.55,0.91,0.33,0.75,0.6,0.78,0.83,4677602327.0,634.0,6535.0,634.0,450021091.0,4227581236.0,3197.0,3338.0,92.0,0.36,65.45454545454544
user0255,1,0,1,0.27,,0.67,0.65,0.8,0.67,0.28,406084405.0,88.0,4974.0,88.0,85378114.0,320706291.0,1077.0,3897.0,81.0,,
user0270,1,0,1,0.36,,0.5,0.4,0.53,0.56,0.17,206499979.0,272.0,2949.0,272.0,50101451.0,156398528.0,1089.0,1860.0,87.0,,
user0289,1,0,0,0.27,,0.5,0.45,0.67,0.33,0.5,469499857.0,100.0,1257.0,100.0,34270429.0,435229428.0,436.0,821.0,90.0,,
user0257,1,0,1,0.09,0.73,0.58,0,0.6,0.72,0.17,1916426.0,2.0,27.0,2.0,1916426.0,0.0,27.0,0.0,93.0,0.64,711.1111111111112
user0265,1,0,1,0.18,0.27,0.5,0.55,0.67,0.72,0.61,141873806.0,36.0,621.0,36.0,33837572.0,108036234.0,249.0,372.0,89.0,0.09000000000000002,50.000000000000014
user0280,1,0,1,0.0,,0.58,0.5,0.8,0.72,0.56,1404043906.0,285.0,2161.0,285.0,19960684.0,1384083222.0,153.0,2008.0,45.0,,0.0
user0302,1,0,0,0.09,0.55,0.58,0.55,0.53,0.61,0.5,540421637.0,106.0,615.0,106.0,17840377.0,522581260.0,195.0,420.0,94.0,0.4600000000000001,511.11111111111126
user0272,1,0,1,0.27,1.0,0.67,0.35,0.67,0.61,0.56,1682148998.0,321.0,3962.0,321.0,206013506.0,1476135492.0,1965.0,1997.0,94.0,0.73,270.3703703703703
user0273,1,0,1,0.0,0.55,0.5,0.15,0.53,0.56,0.61,637522792.0,234.0,1321.0,234.0,16871595.0,620651197.0,349.0,972.0,93.0,0.55,0.0
user0324,1,0,0,0.18,0.55,0.58,0.5,0.73,0.72,0.39,33952384.0,14.0,503.0,14.0,24250635.0,9701749.0,401.0,102.0,95.0,0.37000000000000005,205.55555555555557
user0254,1,0,1,0.27,,0.83,0.85,0.93,0.94,0.5,362113411.0,345.0,4680.0,345.0,18684237.0,343429174.0,1049.0,3631.0,98.0,,
user0292,1,0,1,0.73,,0.67,0.7,1,0.83,0,3260078.0,2.0,52.0,2.0,3260078.0,0.0,52.0,0.0,87.0,,
user0268,1,0,1,0.09,0.55,1,0.6,1,0.94,0.61,142553868.0,44.0,1429.0,44.0,142553868.0,0.0,1429.0,0.0,88.0,0.4600000000000001,511.11111111111126
user0298,1,0,1,0.0,0.27,0.33,0.4,0.4,0.83,0.5,794808987.0,214.0,3094.0,214.0,172813625.0,621995362.0,1527.0,1567.0,86.0,0.27,0.0
user0281,1,0,0,0.18,0.64,0.75,0.3,0.73,0.94,0.61,213721829.0,311.0,10202.0,311.0,29115930.0,184605899.0,2658.0,7544.0,94.0,0.46,255.55555555555557
user0290,1,0,1,0.27,,0.58,0.6,0.73,0.56,0.72,433242491.0,189.0,893.0,189.0,35390839.0,397851652.0,359.0,534.0,91.0,,
user0295,0,0,1,0.73,,0.58,0.85,1,0.61,0.67,1356069482.0,277.0,1813.0,277.0,52119405.0,1303950077.0,307.0,1506.0,0.0,,
user0276,1,0,0,0.18,0.82,0.5,0.4,0.6,0.56,0.67,257938318.0,237.0,1806.0,237.0,8490675.0,249447643.0,322.0,1484.0,100.0,0.6399999999999999,355.55555555555554
user0279,1,0,1,0.27,0.55,0.58,0.3,0.67,0.72,0.67,5365729.0,29.0,400.0,29.0,1294055.0,4071674.0,199.0,201.0,96.0,0.28,103.7037037037037
user0300,1,0,1,0.73,0.73,0.67,0.8,0.67,0.72,0.83,116346278.0,113.0,749.0,113.0,11607244.0,104739034.0,236.0,513.0,79.0,0.0,0.0
user0313,0,0,1,0.18,,0.67,0.85,0.8,0.94,0.83,188532296.0,169.0,1409.0,169.0,20048615.0,168483681.0,570.0,839.0,0.0,,
user0262,1,0,1,1.0,1.0,0.75,1,0.67,1,1,150499577.0,195.0,1011.0,195.0,18251726.0,132247851.0,306.0,705.0,96.0,0.0,0.0
user0274,1,0,1,1.0,0.91,0.83,1,0.93,1,1,476813049.0,453.0,2236.0,453.0,27938365.0,448874684.0,648.0,1588.0,99.0,-0.08999999999999997,-8.999999999999996
user0322,1,0,1,0.09,0.82,0.67,0.45,0.87,0.83,0.78,1320623585.0,542.0,4582.0,542.0,136953589.0,1183669996.0,3173.0,1409.0,94.0,0.73,811.1111111111111
user0439,1,0, ,,, , , , , ,0.0,0.0,0.0,0.0,0.0,0.0,0.0,0.0,80.0,,0.0
user0422,1,0, ,0.91,0.64, , , , , ,7730683.0,1.0,3.0,1.0,0.0,7730683.0,0.0,3.0,84.0,-0.27,-29.67032967032967
user0465,0,1, ,,, , , , , ,0.0,0.0,0.0,0.0,0.0,0.0,0.0,0.0,0.0,,0.0
user0430,1,0,1,0.09,,0.5,0.45,0.67,0.5,0,0.0,0.0,0.0,0.0,0.0,0.0,0.0,0.0,85.0,,
user0433,0,0,1,0.0,,0.42,0.25,0.33,0.5,0.5,0.0,0.0,0.0,0.0,0.0,0.0,0.0,0.0,0.0,,0.0
user0456,0,0,1,0.0,,0.42,0.35,0.67,0.5,0.11,0.0,0.0,0.0,0.0,0.0,0.0,0.0,0.0,0.0,,0.0
user0459,0,0,1,0.09,,0.42,0.25,0.73,0.33,0.22,0.0,0.0,0.0,0.0,0.0,0.0,0.0,0.0,0.0,,
user0378,1,0,1,0.27,0.64,0.58,0.6,0.67,0.61,0.5,0.0,0.0,0.0,0.0,0.0,0.0,0.0,0.0,84.0,0.37,137.037037037037
user0382,1,0,1,0.09,0.73,0.5,0.45,0.67,0.44,0.39,0.0,0.0,0.0,0.0,0.0,0.0,0.0,0.0,90.0,0.64,711.1111111111112
user0388,1,0,1,0.0,0.73,0.5,0.65,0.6,0.5,0.5,0.0,0.0,0.0,0.0,0.0,0.0,0.0,0.0,95.0,0.73,0.0
user0398,1,0,1,0.09,0.27,0.58,0.4,0.67,0.72,0.56,511169.0,2.0,26.0,2.0,0.0,511169.0,0.0,26.0,82.0,0.18000000000000002,200.00000000000006
user0418,1,0,1,0.36,0.36,0.42,0.5,0.6,0.67,0.5,0.0,0.0,0.0,0.0,0.0,0.0,0.0,0.0,70.0,0.0,0.0
user0421,1,0,1,0.0,0.45,0.5,0.3,0.67,0.5,0.44,0.0,0.0,0.0,0.0,0.0,0.0,0.0,0.0,87.0,0.45,0.0
user0424,1,0,1,0.73,0.09,0.5,0.75,0.8,0.5,0,0.0,0.0,0.0,0.0,0.0,0.0,0.0,0.0,95.0,-0.64,-87.67123287671234
user0431,1,0,0,0.09,0.45,0.5,0.55,1,0.61,0.5,0.0,0.0,0.0,0.0,0.0,0.0,0.0,0.0,99.0,0.36,400.0
user0429,1,0,0,0.18,0.73,0.67,0.05,0.53,0.67,0.33,0.0,0.0,0.0,0.0,0.0,0.0,0.0,0.0,85.0,0.55,305.5555555555556
user0386,1,0,0,0.09,,0.58,0.2,0.8,0.78,0,0.0,0.0,0.0,0.0,0.0,0.0,0.0,0.0,87.0,,
user0405,1,0,1,0.45,,0.5,0.8,0.93,0.78,0,0.0,0.0,0.0,0.0,0.0,0.0,0.0,0.0,66.0,,
user0414,0,0,1,0.27,,0.83,0.5,0.87,0.89,0,0.0,0.0,0.0,0.0,0.0,0.0,0.0,0.0,0.0,,
user0437,1,0,1,0.36,0.91,1,1,1,1,0,1153195.0,1.0,2.0,1.0,0.0,1153195.0,0.0,2.0,86.0,0.55,152.7777777777778
user0449,0,0,1,0.09,,0.67,0.45,0.93,0.89,0.5,0.0,0.0,0.0,0.0,0.0,0.0,0.0,0.0,0.0,,
user0458,0,0,1,0.45,,0.58,0.8,0.8,0.83,0.33,0.0,0.0,0.0,0.0,0.0,0.0,0.0,0.0,0.0,,
user0446,1,0,1,0.18,0.36,0.58,0.55,0.73,0.94,0.33,0.0,0.0,0.0,0.0,0.0,0.0,0.0,0.0,95.0,0.18,100.0
user0399,1,0,1,0.18,0.36,0.5,0.7,0.53,0.94,0.33,0.0,0.0,0.0,0.0,0.0,0.0,0.0,0.0,85.0,0.18,100.0
user0428,1,0,0,0.0,0.55,0.5,0.4,0.53,0.78,0.56,0.0,0.0,0.0,0.0,0.0,0.0,0.0,0.0,80.0,0.55,0.0
user0391,0,0,1,0.09,,0.58,0.5,0.67,0.61,0.67,0.0,0.0,0.0,0.0,0.0,0.0,0.0,0.0,0.0,,
user0407,1,0,1,0.45,,0.83,0.55,0.8,0.72,0.72,0.0,0.0,0.0,0.0,0.0,0.0,0.0,0.0,92.0,,
user0444,0,0,1,0.27,,0.58,0.5,0.6,0.67,0.78,0.0,0.0,0.0,0.0,0.0,0.0,0.0,0.0,0.0,,
user0460,1,0,1,0.09,,0.5,0.2,0.67,0.72,0.67,0.0,0.0,0.0,0.0,0.0,0.0,0.0,0.0,90.0,,
user0419,1,0,1,0.27,0.36,0.5,0.5,0.87,0.72,0.67,0.0,0.0,0.0,0.0,0.0,0.0,0.0,0.0,85.0,0.08999999999999997,33.33333333333332
user0440,1,0,1,0.18,0.27,0.58,0.25,0.67,0.72,0.72,0.0,0.0,0.0,0.0,0.0,0.0,0.0,0.0,58.0,0.09000000000000002,50.000000000000014
user0454,1,0,1,0.09,0.27,0.33,0.25,0.53,0.44,0.72,0.0,0.0,0.0,0.0,0.0,0.0,0.0,0.0,37.0,0.18000000000000002,200.00000000000006
user0453,1,0,1,0.09,0.82,0.5,0.15,0.53,0.67,0.72,0.0,0.0,0.0,0.0,0.0,0.0,0.0,0.0,98.0,0.73,811.1111111111111
user0457,1,0,1,0.27,0.91,0.5,0.5,0.53,0.67,0.67,0.0,0.0,0.0,0.0,0.0,0.0,0.0,0.0,97.0,0.64,237.037037037037
user0393,0,0,1,,,0.58,0.6,0.8,0.83,0.72,0.0,0.0,0.0,0.0,0.0,0.0,0.0,0.0,0.0,,0.0
user0410,1,0,1,0.55,,0.67,0.85,0.67,0.83,0.89,0.0,0.0,0.0,0.0,0.0,0.0,0.0,0.0,89.0,,
user0412,1,0,1,0.36,,0.5,0.95,0.73,0.94,0.67,0.0,0.0,0.0,0.0,0.0,0.0,0.0,0.0,86.0,,
user0427,1,0,0,0.09,,0.67,0.3,1,0.94,0.89,0.0,0.0,0.0,0.0,0.0,0.0,0.0,0.0,76.0,,
user0447,0,0,1,0.27,,0.67,0.55,0.87,0.83,0.67,0.0,0.0,0.0,0.0,0.0,0.0,0.0,0.0,0.0,,
user0462,1,0, ,,0.82, , , , , ,5430345955.0,760.0,15991.0,760.0,428876125.0,5001469830.0,4823.0,11168.0,60.0,,0.0
user0463,1,0, ,,1.0, , , , , ,2456842797.0,346.0,2834.0,346.0,170436009.0,2286406788.0,849.0,1985.0,97.0,,0.0
user0392,1,0,1,0.55,0.55,0.5,0.6,0.87,0.61,0.17,5555451738.0,809.0,8467.0,809.0,347884074.0,5207567664.0,2547.0,5920.0,98.0,0.0,0.0
user0434,1,0,1,0.55,0.55,0.58,0.1,0.8,0.5,0.61,1584267027.0,242.0,1171.0,242.0,51981539.0,1532285488.0,283.0,888.0,82.0,0.0,0.0
user0380,1,0,1,0.18,0.91,0.58,0.6,1,0.67,0.5,5549461853.0,838.0,12648.0,838.0,350261334.0,5199200519.0,4364.0,8284.0,95.0,0.73,405.55555555555554
user0385,1,0,0,0.09,0.55,0.58,0.15,0.47,0.67,0.44,42685632.0,6.0,350.0,6.0,42685632.0,0.0,350.0,0.0,51.0,0.4600000000000001,511.11111111111126
user0408,1,0,1,0.09,0.91,0.67,0.5,0.67,0.56,0.5,1698639240.0,261.0,1632.0,261.0,84576265.0,1614062975.0,384.0,1248.0,92.0,0.8200000000000001,911.1111111111112
user0435,1,0,0,0.09,1.0,0.5,0.4,0.53,0.61,0.5,4778056101.0,635.0,7157.0,635.0,294838665.0,4483217436.0,2253.0,4904.0,90.0,0.91,1011.1111111111112
user0436,1,0,1,0.36,0.82,0.33,0.3,0.47,0.28,0.17,5312343691.0,746.0,6236.0,746.0,319979529.0,4992364162.0,2553.0,3683.0,82.0,0.45999999999999996,127.77777777777777
user0448,1,0,0,0.0,0.64,0,0.3,0.4,0.56,0.28,6328868989.0,826.0,14808.0,826.0,487980908.0,5840888081.0,5644.0,9164.0,72.0,0.64,0.0
user0451,1,0,1,0.09,0.45,0.25,0.1,0.6,0.33,0.28,728001904.0,104.0,3331.0,104.0,426745557.0,301256347.0,2360.0,971.0,72.0,0.36,400.0
user0426,1,0,1,0.18,0.91,0.33,0.35,0.53,0.78,0.44,447021480.0,86.0,398.0,86.0,41581344.0,405440136.0,176.0,222.0,49.0,0.73,405.55555555555554
user0445,1,0,1,0.18,0.91,0.58,0.4,0.6,0.89,0,7071259299.0,1048.0,9203.0,1048.0,647238913.0,6424020386.0,3535.0,5668.0,64.0,0.73,405.55555555555554
user0438,1,0,1,0.09,0.18,0.58,0.55,0.6,0.67,0.83,7177075.0,1.0,468.0,1.0,7177075.0,0.0,468.0,0.0,64.0,0.09,100.0
user0401,1,0,1,0.09,0.64,0.33,0.3,0.6,0.72,0.78,791705463.0,119.0,1006.0,119.0,72514393.0,719191070.0,426.0,580.0,81.0,0.55,611.1111111111112
user0413,0,0,1,0.09,,0.67,0.45,1,1,1,3161263638.0,563.0,3039.0,563.0,158468000.0,3002795638.0,1352.0,1687.0,0.0,,
user0402,1,0,1,0.18,0.45,0.83,0.95,1,0.78,0.83,1492032831.0,229.0,1154.0,229.0,78180955.0,1413851876.0,360.0,794.0,94.0,0.27,150.00000000000003
user0441,1,0,1,0.45,1.0,0.5,0.1,0.67,0.78,0.67,348637695.0,86.0,530.0,86.0,31216711.0,317420984.0,326.0,204.0,73.0,0.55,122.22222222222223
user0443,1,0,1,0.18,0.55,0.5,0.15,0.8,0.78,0.67,1781112701.0,249.0,4410.0,249.0,322619962.0,1458492739.0,2109.0,2301.0,82.0,0.37000000000000005,205.55555555555557
user0406,1,0,1,0.73,0.91,0.58,0.35,0.67,0.89,1,593764607.0,140.0,556.0,140.0,50890339.0,542874268.0,227.0,329.0,76.0,0.18000000000000005,24.65753424657535
user0409,1,0,1,0.18,0.36,0.67,0.25,0.53,0.83,0.72,7208482.0,1.0,28.0,1.0,7208482.0,0.0,28.0,0.0,87.0,0.18,100.0
user0461,1,0, ,0.82,0.82, , , , , ,2601224739.0,652.0,5000.0,652.0,148884186.0,2452340553.0,1656.0,3344.0,88.0,0.0,0.0
user0416,1,0,1,0.18,,0.33,0.2,0.6,0.61,0.56,1453258944.0,287.0,3220.0,287.0,138389618.0,1314869326.0,1134.0,2086.0,83.0,,
user0455,0,0,1,0.0,,0.67,0,1,0.61,0,222062098.0,111.0,1205.0,111.0,22001494.0,200060604.0,573.0,632.0,0.0,,0.0
user0415,1,0,1,0.09,0.0,0.58,0.35,0.73,0.67,0.61,1423575909.0,731.0,8759.0,731.0,86830829.0,1336745080.0,2058.0,6701.0,98.0,-0.09,-100.0
user0442,1,0,1,0.64,0.73,0.58,0.75,0.6,0.67,0.17,204498080.0,206.0,9198.0,206.0,18942502.0,185555578.0,2103.0,7095.0,91.0,0.08999999999999997,14.062499999999995
user0450,1,0,1,0.09,0.18,0.17,0.45,0.33,0.44,0.39,1132517189.0,238.0,3727.0,238.0,183795330.0,948721859.0,1725.0,2002.0,77.0,0.09,100.0
user0381,1,0,1,0.18,,0.5,0.3,0.47,0.44,0.56,1660324530.0,330.0,2484.0,330.0,141536568.0,1518787962.0,1102.0,1382.0,92.0,,
user0396,1,0,1,0.18,0.82,0.67,0.5,0.73,0.67,0.5,277104127.0,409.0,3699.0,409.0,20957206.0,256146921.0,874.0,2825.0,93.0,0.6399999999999999,355.55555555555554
user0397,1,0,0,0.18,0.82,0.25,0.55,0.6,0.67,0.61,212667364.0,140.0,2471.0,140.0,109112759.0,103554605.0,1888.0,583.0,81.0,0.6399999999999999,355.55555555555554
user0403,1,0,0,0.18,0.73,0.58,0.4,0.67,0.67,0.39,696428049.0,501.0,3173.0,501.0,40267157.0,656160892.0,1164.0,2009.0,91.0,0.55,305.5555555555556
user0411,1,0,1,0.09,0.64,0.5,0.5,0.67,0.5,0.33,42748178.0,26.0,224.0,26.0,9865517.0,32882661.0,158.0,66.0,97.0,0.55,611.1111111111112
user0423,1,0,0,0.36,0.64,0.83,0.85,0.73,0.72,0.56,25402820.0,14.0,240.0,14.0,7257398.0,18145422.0,145.0,95.0,94.0,0.28,77.77777777777779
user0452,1,0,1,0.09,0.82,0.67,0.5,0.53,0.67,0.39,60023093.0,51.0,2120.0,51.0,5756296.0,54266797.0,433.0,1687.0,76.0,0.73,811.1111111111111
user0395,1,0,1,0.27,,0.67,0.65,0.87,0.78,0.17,1040140641.0,243.0,1448.0,243.0,103681735.0,936458906.0,494.0,954.0,91.0,,
user0417,1,0,0,0.18,0.91,0.67,0.9,0.6,1,0.39,503875573.0,416.0,3169.0,416.0,12339878.0,491535695.0,615.0,2554.0,89.0,0.73,405.55555555555554
user0394,1,0,0,0.18,0.64,0.5,0.4,0.67,0.67,0.78,340693916.0,338.0,2563.0,338.0,25804425.0,314889491.0,943.0,1620.0,91.0,0.46,255.55555555555557
user0387,1,0,1,0.27,0.82,0.5,0.35,0.6,0.72,0.72,2025050288.0,639.0,7559.0,639.0,132881636.0,1892168652.0,2393.0,5166.0,98.0,0.5499999999999999,203.70370370370367
user0404,1,0,1,0.09,0.73,0.5,0.4,0.67,0.67,0.83,6771127.0,3.0,18.0,3.0,0.0,6771127.0,0.0,18.0,89.0,0.64,711.1111111111112
user0390,1,0,1,1.0,,1,0.8,1,0.89,0.72,19547043.0,85.0,1626.0,85.0,2991169.0,16555874.0,824.0,802.0,90.0,,
user0432,0,0,1,0.18,,0.58,0.65,0.73,0.83,0.94,256423474.0,87.0,1002.0,87.0,53046136.0,203377338.0,368.0,634.0,0.0,,
user0400,1,0,1,0.18,0.82,0.42,0.75,1,0.89,0.78,249385114.0,74.0,527.0,74.0,7752203.0,241632911.0,254.0,273.0,64.0,0.6399999999999999,355.55555555555554
user0379,1,0,1,0.45,1.0,0.75,0.9,1,0.89,0.83,46755725.0,106.0,699.0,106.0,2642705.0,44113020.0,314.0,385.0,98.0,0.55,122.22222222222223
user0383,1,0,1,0.18,0.45,0.67,0.6,0.6,0.78,0.83,54743038.0,99.0,745.0,99.0,2685009.0,52058029.0,149.0,596.0,45.0,0.27,150.00000000000003
user0389,1,0,1,0.36,0.73,0.75,0.8,1,0.78,0.83,263689878.0,87.0,639.0,87.0,18180387.0,245509491.0,184.0,455.0,94.0,0.37,102.77777777777779
user0420,1,0,0,0.18,0.82,0.5,0.85,0.67,0.94,1,1477462806.0,562.0,6571.0,562.0,146045746.0,1331417060.0,2986.0,3585.0,94.0,0.6399999999999999,355.55555555555554
user0582,0,1, ,,, , , , , ,0.0,0.0,0.0,0.0,0.0,0.0,0.0,0.0,0.0,,0.0
user0587,0,1, ,,, , , , , ,0.0,0.0,0.0,0.0,0.0,0.0,0.0,0.0,0.0,,0.0
user0590,1,1, ,,, , , , , ,0.0,0.0,0.0,0.0,0.0,0.0,0.0,0.0,96.0,,0.0
user0507,1,1,0,0.09,,0.58,0.45,0.6,0.72,0,0.0,0.0,0.0,0.0,0.0,0.0,0.0,0.0,28.0,,
user0514,1,1,1,0.27,,0.67,0.55,0.4,0.5,0.61,0.0,0.0,0.0,0.0,0.0,0.0,0.0,0.0,80.0,,
user0536,1,1,1,0.0,,0.58,0.15,0.67,0.72,0.5,0.0,0.0,0.0,0.0,0.0,0.0,0.0,0.0,56.0,,0.0
user0562,0,1,1,0.09,,0.42,0.45,0.6,0.56,0.44,0.0,0.0,0.0,0.0,0.0,0.0,0.0,0.0,0.0,,
user0565,0,1,0,0.27,,0.75,0.35,0.67,0.72,0.17,0.0,0.0,0.0,0.0,0.0,0.0,0.0,0.0,0.0,,
user0568,0,1,1,0.0,,0.5,0,0.33,0.61,0.17,0.0,0.0,0.0,0.0,0.0,0.0,0.0,0.0,0.0,,0.0
user0585,0,1,1,0.09,,0.33,0.4,0.53,0.56,0.17,0.0,0.0,0.0,0.0,0.0,0.0,0.0,0.0,0.0,,
user0526,1,1,1,0.09,0.64,0.33,0.6,0.27,0.28,0.5,0.0,0.0,0.0,0.0,0.0,0.0,0.0,0.0,32.0,0.55,611.1111111111112
user0529,1,1,1,0.09,0.0,0.58,0.35,0.6,0.72,0.39,0.0,0.0,0.0,0.0,0.0,0.0,0.0,0.0,69.0,-0.09,-100.0
user0532,1,1,1,0.18,0.18,0.33,0.25,0.47,0.5,0.44,0.0,0.0,0.0,0.0,0.0,0.0,0.0,0.0,56.0,0.0,0.0
user0541,1,1,1,0.18,0.73,0.25,0.5,0.67,0.39,0.56,0.0,0.0,0.0,0.0,0.0,0.0,0.0,0.0,78.0,0.55,305.5555555555556
user0543,1,1,1,0.09,0.27,0.33,0.25,0.33,0.5,0.5,0.0,0.0,0.0,0.0,0.0,0.0,0.0,0.0,59.0,0.18000000000000002,200.00000000000006
user0523,1,1,1,0.45,0.73,0.75,0.75,0.73,0.72,0.56,0.0,0.0,0.0,0.0,0.0,0.0,0.0,0.0,96.0,0.27999999999999997,62.222222222222214
user0528,1,1,1,0.0,0.73,0.5,0.25,0.67,0.61,0.61,0.0,0.0,0.0,0.0,0.0,0.0,0.0,0.0,54.0,0.73,0.0
user0567,1,1,1,0.18,0.36,0.33,0.5,0.6,0.61,0.44,2387601611.0,328.0,1163.0,328.0,0.0,2387601611.0,0.0,1163.0,29.0,0.18,100.0
user0570,1,1,1,0.18,0.55,0.42,0.45,0.6,0.67,0.11,0.0,0.0,0.0,0.0,0.0,0.0,0.0,0.0,66.0,0.37000000000000005,205.55555555555557
user0580,1,1,0,0.18,0.36,0.33,0.25,0.67,0.61,0.33,0.0,0.0,0.0,0.0,0.0,0.0,0.0,0.0,55.0,0.18,100.0
user0572,1,1,0,0.0,,0.58,0.6,0.87,0.83,0,0.0,0.0,0.0,0.0,0.0,0.0,0.0,0.0,0.0,,0.0
user0577,0,1,0,0.64,,0.5,0.6,0.73,0.78,0.56,0.0,0.0,0.0,0.0,0.0,0.0,0.0,0.0,0.0,,
user0579,0,1,0,0.18,,0.67,0.1,1,0.83,0.17,0.0,0.0,0.0,0.0,0.0,0.0,0.0,0.0,0.0,,
user0506,1,1,1,0.73,,0.67,0.45,0.67,0.72,0.72,0.0,0.0,0.0,0.0,0.0,0.0,0.0,0.0,78.0,,
user0537,1,1,1,0.09,,0.42,0.1,0.87,0.56,0.83,0.0,0.0,0.0,0.0,0.0,0.0,0.0,0.0,91.0,,
user0558,0,1,1,0.0,,0.5,0.45,0.6,0.44,0.83,0.0,0.0,0.0,0.0,0.0,0.0,0.0,0.0,0.0,,0.0
user0559,0,1,0,0.09,,0.5,0.5,0.8,0.67,0.67,0.0,0.0,0.0,0.0,0.0,0.0,0.0,0.0,0.0,,
user0569,0,1,1,0.45,,0.58,0.5,0.67,0.67,0.67,0.0,0.0,0.0,0.0,0.0,0.0,0.0,0.0,0.0,,
user0505,1,1,1,0.09,0.45,0.58,0.5,0.8,0.44,0.67,0.0,0.0,0.0,0.0,0.0,0.0,0.0,0.0,58.0,0.36,400.0
user0557,1,1,1,0.09,0.64,0.58,0.5,0.73,0.61,0.83,0.0,0.0,0.0,0.0,0.0,0.0,0.0,0.0,91.0,0.55,611.1111111111112
user0503,0,1,1,0.36,,0.83,1,0.93,0.94,1,0.0,0.0,0.0,0.0,0.0,0.0,0.0,0.0,0.0,,
user0519,0,1,1,0.18,,0.67,0.55,1,0.83,0.89,0.0,0.0,0.0,0.0,0.0,0.0,0.0,0.0,0.0,,
user0552,0,1,1,0.09,,0.58,0.7,0.73,0.89,1,0.0,0.0,0.0,0.0,0.0,0.0,0.0,0.0,0.0,,
user0544,1,1,1,0.09,0.18,0.58,0.3,0.67,0.83,0.78,0.0,0.0,0.0,0.0,0.0,0.0,0.0,0.0,44.0,0.09,100.0
user0513,1,1,1,0.0,0.73,0.83,0.55,0.8,0.89,1,0.0,0.0,0.0,0.0,0.0,0.0,0.0,0.0,50.0,0.73,0.0
user0549,1,1,1,0.09,0.27,0.58,0.5,0.67,0.78,0.83,0.0,0.0,0.0,0.0,0.0,0.0,0.0,0.0,75.0,0.18000000000000002,200.00000000000006
user0571,1,1,0,0.18,0.45,0.42,0.3,0.53,0.78,0.72,0.0,0.0,0.0,0.0,0.0,0.0,0.0,0.0,67.0,0.27,150.00000000000003
user0535,1,1, ,,0.45, , , , , ,1371669991.0,198.0,3924.0,198.0,158704610.0,1212965381.0,2238.0,1686.0,70.0,,0.0
user0533,1,1,0,0.09,,0.58,0.5,0.6,0.72,0.61,4162176928.0,586.0,10787.0,586.0,541355916.0,3620821012.0,4530.0,6257.0,82.0,,
user0554,1,1,1,0.27,,0.5,0.7,0.6,0.61,0.5,366080061.0,51.0,5014.0,51.0,366080061.0,0.0,5014.0,0.0,85.0,,
user0531,1,1,1,0.09,0.27,0.58,0.4,0.8,0.5,0.5,333774542.0,48.0,662.0,48.0,41718998.0,292055544.0,128.0,534.0,83.0,0.18000000000000002,200.00000000000006
user0538,1,1,1,0.36,0.09,0.67,0.7,1,0.5,0.5,84457594.0,12.0,410.0,12.0,84457594.0,0.0,410.0,0.0,52.0,-0.27,-75.00000000000001
user0563,1,1,1,0.0,0.73,0.5,0.35,0.6,0.33,0.61,1255429974.0,181.0,9026.0,181.0,396175667.0,859254307.0,4352.0,4674.0,92.0,0.73,0.0
user0566,1,1,1,0.18,0.55,0.42,0.45,0.53,0.39,0.56,769846758.0,117.0,897.0,117.0,59216602.0,710630156.0,381.0,516.0,95.0,0.37000000000000005,205.55555555555557
user0578,1,1,0,0.18,0.82,0.42,0.55,0.4,0.61,0.61,5279166344.0,821.0,14736.0,821.0,378032510.0,4901133834.0,4323.0,10413.0,95.0,0.6399999999999999,355.55555555555554
user0530,1,1,0,0.0,,0.5,0.4,0.8,0.44,0.5,1090363947.0,168.0,1946.0,168.0,149276926.0,941087021.0,1067.0,879.0,75.0,,0.0
user0560,1,1,0,0.0,0.27,0.25,0.3,0.2,0.5,0.5,1237728561.0,186.0,7822.0,186.0,242873786.0,994854775.0,4008.0,3814.0,57.0,0.27,0.0
user0510,1,1,0,0.18,,0.75,0.65,0.93,0.94,0.44,781335480.0,110.0,1525.0,110.0,63925171.0,717410309.0,638.0,887.0,90.0,,
user0574,1,1,1,0.0,,0.67,0.85,1,0.83,0.5,676976756.0,118.0,1338.0,118.0,109329623.0,567647133.0,592.0,746.0,80.0,,0.0
user0553,1,1,0,0.18,0.73,0.58,0.9,0.73,0.83,0.17,1725276096.0,243.0,1936.0,243.0,99392241.0,1625883855.0,715.0,1221.0,94.0,0.55,305.5555555555556
user0583,1,1,1,0.36,0.82,0.5,0.75,0.47,0.22,0.67,709288531.0,99.0,656.0,99.0,64221917.0,645066614.0,308.0,348.0,85.0,0.45999999999999996,127.77777777777777
user0561,1,1,1,0.82,0.73,0.58,0.55,0.53,0.61,0.67,320944730.0,44.0,591.0,44.0,102114274.0,218830456.0,373.0,218.0,70.0,-0.08999999999999997,-10.975609756097558
user0512,1,1,0,0.0,0.73,0.5,0.25,0.6,0.67,0.67,2789523081.0,643.0,7718.0,643.0,238221097.0,2551301984.0,3446.0,4272.0,96.0,0.73,0.0
user0524,1,1,1,0.18,,0.58,0.65,0.73,0.72,0.67,564769902.0,105.0,1056.0,105.0,37647896.0,527122006.0,165.0,891.0,61.0,,
user0539,1,1,1,0.27,0.82,0.58,0.6,0.67,0.67,0.67,2034210078.0,290.0,1848.0,290.0,182391380.0,1851818698.0,781.0,1067.0,100.0,0.5499999999999999,203.70370370370367
user0547,1,1,1,0.18,0.91,0.58,0.45,0.6,0.67,0.67,515723690.0,99.0,638.0,99.0,46882518.0,468841172.0,238.0,400.0,97.0,0.73,405.55555555555554
user0573,1,1,0,0.0,0.55,0.58,0.5,0.67,0.67,0.67,722455189.0,104.0,893.0,104.0,48619490.0,673835699.0,207.0,686.0,90.0,0.55,0.0
user0511,1,1,0,0.18,0.82,0.75,0.1,0.6,0.78,0.72,690008320.0,97.0,2912.0,97.0,177819678.0,512188642.0,1203.0,1709.0,85.0,0.6399999999999999,355.55555555555554
user0517,1,1,1,0.18,0.64,0.17,0.55,0.47,0.83,0.83,4745682419.0,771.0,5741.0,771.0,375397705.0,4370284714.0,2217.0,3524.0,89.0,0.46,255.55555555555557
user0548,1,1,0,0.0,0.09,0.75,0.5,1,0.78,0.67,596440606.0,108.0,677.0,108.0,82838914.0,513601692.0,373.0,304.0,60.0,0.09,0.0
user0581,1,1,1,0.82,0.91,0.75,0.95,0.87,0.83,0.72,22562679.0,3.0,63.0,3.0,22562679.0,0.0,63.0,0.0,95.0,0.09000000000000008,10.97560975609757
user0545,0,1, ,0.55,, , , , , ,5685935.0,2.0,91.0,2.0,5685935.0,0.0,91.0,0.0,0.0,,
user0586,0,1, ,,, , , , , ,342055137.0,208.0,1416.0,208.0,42747613.0,299307524.0,708.0,708.0,0.0,,0.0
user0508,1,1, ,0.09,0.09, , , , , ,3887376.0,3.0,74.0,3.0,3887376.0,0.0,74.0,0.0,76.0,0.0,0.0
user0527,1,1,0,0.18,0.36,0.42,0.25,0.6,0.67,0.17,593607329.0,252.0,3648.0,252.0,25817458.0,567789871.0,1035.0,2613.0,93.0,0.18,100.0
user0564,1,1,1,0.09,0.0,0.42,0.55,0.67,0.39,0.5,470062063.0,322.0,3189.0,322.0,72108362.0,397953701.0,1421.0,1768.0,95.0,-0.09,-100.0
user0575,1,1,1,0.09,0.27,0.42,0.6,0.47,0.67,0.5,674669316.0,184.0,1118.0,184.0,29291224.0,645378092.0,483.0,635.0,87.0,0.18000000000000002,200.00000000000006
user0576,1,1,0,0.27,0.36,0.17,0.15,0.33,0.33,0.06,648206230.0,125.0,858.0,125.0,58044769.0,590161461.0,369.0,489.0,60.0,0.08999999999999997,33.33333333333332
user0504,1,1,0,0.18,0.64,0.33,0.5,0.87,0.39,0,18707839.0,109.0,1737.0,109.0,1783835.0,16924004.0,413.0,1324.0,59.0,0.46,255.55555555555557
user0522,1,1,1,0.18,0.55,0.58,0.5,0.6,0.72,0.39,294261779.0,113.0,954.0,113.0,31251445.0,263010334.0,547.0,407.0,92.0,0.37000000000000005,205.55555555555557
user0555,1,1,1,0.27,0.82,0.58,0.5,0.6,0.61,0.44,1835194.0,3.0,132.0,3.0,1835194.0,0.0,132.0,0.0,87.0,0.5499999999999999,203.70370370370367
user0534,1,1,0,0.09,0.73,0.58,0,0.87,0.83,0.44,1188644668.0,706.0,10054.0,706.0,162624503.0,1026020165.0,3710.0,6344.0,87.0,0.64,711.1111111111112
user0551,1,1,1,0.73,,0.58,0.65,0.47,0.78,0.33,257150249.0,464.0,6312.0,464.0,18311444.0,238838805.0,1374.0,4938.0,92.0,,
user0509,1,1,0,0.09,0.82,0.58,0.3,0.6,0.78,0.17,1354164357.0,194.0,4216.0,194.0,83262917.0,1270901440.0,1538.0,2678.0,60.0,0.73,811.1111111111111
user0584,1,1,1,0.36,0.82,0.58,0.6,0.6,0.67,0.83,537334648.0,367.0,4363.0,367.0,56475535.0,480859113.0,1578.0,2785.0,94.0,0.45999999999999996,127.77777777777777
user0525,1,1,1,0.73,0.91,0.67,0.45,0.73,0.67,0.67,653942963.0,239.0,1004.0,239.0,26622783.0,627320180.0,247.0,757.0,94.0,0.18000000000000005,24.65753424657535
user0540,1,1,1,0.0,0.91,0.75,0.7,1,0.67,0.67,153600689.0,74.0,2110.0,74.0,43460556.0,110140133.0,1530.0,580.0,90.0,0.91,0.0
user0550,1,1,1,0.91,0.64,0.83,0.7,1,0.67,0.89,3931665152.0,857.0,4507.0,857.0,213410864.0,3718254288.0,1566.0,2941.0,98.0,-0.27,-29.67032967032967
user0546,1,1,1,0.55,,0.75,0.7,0.87,0.83,0.94,59764641.0,165.0,1226.0,165.0,7239328.0,52525313.0,456.0,770.0,83.0,,
user0516,1,1,1,0.18,0.82,1,0.8,1,0.94,0.67,196421651.0,208.0,962.0,208.0,14474411.0,181947240.0,244.0,718.0,88.0,0.6399999999999999,355.55555555555554
user0518,1,1,0,0.45,0.91,0.83,0.9,0.93,0.83,0.67,1714299405.0,677.0,8446.0,677.0,84721688.0,1629577717.0,1802.0,6644.0,93.0,0.46,102.22222222222221
user0520,1,1,1,0.36,0.82,0.67,0.8,1,0.94,0.72,763328475.0,560.0,8781.0,560.0,66020893.0,697307582.0,3148.0,5633.0,95.0,0.45999999999999996,127.77777777777777
user0515,1,1,1,,1.0,0.75,0.75,0.87,1,0.72,432419170.0,268.0,4239.0,268.0,24420156.0,407999014.0,1139.0,3100.0,91.0,,0.0
user0521,1,1,0,0.55,0.91,0.67,0.55,0.8,0.78,0.67,955931716.0,718.0,13852.0,718.0,53453235.0,902478481.0,2220.0,11632.0,98.0,0.36,65.45454545454544
user0542,1,1,0,0.27,0.82,0.67,0.65,0.87,0.83,0.83,57411361.0,23.0,978.0,23.0,44929684.0,12481677.0,710.0,268.0,89.0,0.5499999999999999,203.70370370370367
user0711,0,1, ,,, , , , , ,0.0,0.0,0.0,0.0,0.0,0.0,0.0,0.0,0.0,,0.0
user0715,1,1, ,,, , , , , ,0.0,0.0,0.0,0.0,0.0,0.0,0.0,0.0,41.0,,0.0
user0687,1,1, ,,, , , , , ,0.0,0.0,0.0,0.0,0.0,0.0,0.0,0.0,34.0,,0.0
user0628,0,1,1,0.0,,0.33,0.1,0.47,0.39,0.5,0.0,0.0,0.0,0.0,0.0,0.0,0.0,0.0,0.0,,0.0
user0639,1,1,1,0.18,,0.58,0.05,0.6,0.61,0.61,0.0,0.0,0.0,0.0,0.0,0.0,0.0,0.0,57.0,,
user0655,0,1,1,0.73,,0.67,0.7,0.73,0.67,0.5,0.0,0.0,0.0,0.0,0.0,0.0,0.0,0.0,0.0,,
user0656,0,1,1,0.09,,0.58,0,0.6,0.67,0.5,0.0,0.0,0.0,0.0,0.0,0.0,0.0,0.0,0.0,,
user0664,0,1,0,0.09,,0.5,0.3,0.6,0.44,0.17,0.0,0.0,0.0,0.0,0.0,0.0,0.0,0.0,0.0,,
user0696,1,1,1,0.09,,0.5,0.15,0.4,0.67,0.5,0.0,0.0,0.0,0.0,0.0,0.0,0.0,0.0,51.0,,
user0704,1,1,1,0.27,,0.42,0.65,0.73,0.72,0.33,0.0,0.0,0.0,0.0,0.0,0.0,0.0,0.0,55.0,,
user0709,1,1,1,0.36,,0.67,0.65,0.73,0.56,0.44,0.0,0.0,0.0,0.0,0.0,0.0,0.0,0.0,46.0,,
user0633,1,1,1,0.18,0.64,0.58,0.5,0.67,0.56,0.5,0.0,0.0,0.0,0.0,0.0,0.0,0.0,0.0,93.0,0.46,255.55555555555557
user0644,1,1,1,0.18,0.36,0.67,0.5,0.93,0.72,0.61,0.0,0.0,0.0,0.0,0.0,0.0,0.0,0.0,73.0,0.18,100.0
user0646,1,1,1,0.09,0.27,0.58,0.25,0.6,0.67,0.5,0.0,0.0,0.0,0.0,0.0,0.0,0.0,0.0,82.0,0.18000000000000002,200.00000000000006
user0671,1,1,1,0.18,0.18,0.58,0.5,0.73,0.72,0.56,0.0,0.0,0.0,0.0,0.0,0.0,0.0,0.0,44.0,0.0,0.0
user0685,1,1,1,0.09,0.73,0.5,0.4,0.47,0.33,0.39,0.0,0.0,0.0,0.0,0.0,0.0,0.0,0.0,96.0,0.64,711.1111111111112
user0700,1,1,1,0.0,0.36,0.5,0.65,0.67,0.56,0.5,308014492.0,127.0,357.0,127.0,0.0,308014492.0,0.0,357.0,63.0,0.36,0.0
user0632,1,1,1,0.09,0.73,0.67,0.5,0.6,0.56,0.28,0.0,0.0,0.0,0.0,0.0,0.0,0.0,0.0,74.0,0.64,711.1111111111112
user0638,1,1,1,0.18,0.55,0.67,0.65,0.6,0.61,0.61,0.0,0.0,0.0,0.0,0.0,0.0,0.0,0.0,92.0,0.37000000000000005,205.55555555555557
user0672,1,1,0,0.09,0.64,0.42,0.45,0.67,0.72,0,0.0,0.0,0.0,0.0,0.0,0.0,0.0,0.0,62.0,0.55,611.1111111111112
user0674,1,1,1,0.45,0.36,0.5,0.2,0.67,0.61,0.39,0.0,0.0,0.0,0.0,0.0,0.0,0.0,0.0,54.0,-0.09000000000000002,-20.000000000000004
user0689,1,1,1,0.18,0.45,0.5,0.4,0.67,0.67,0.5,0.0,0.0,0.0,0.0,0.0,0.0,0.0,0.0,60.0,0.27,150.00000000000003
user0691,1,1,0,0.09,0.36,0.42,0.35,0.8,0.28,0.61,0.0,0.0,0.0,0.0,0.0,0.0,0.0,0.0,73.0,0.27,300.00000000000006
user0697,1,1,1,0.18,0.18,0.5,0.7,0.4,0.33,0.61,0.0,0.0,0.0,0.0,0.0,0.0,0.0,0.0,56.0,0.0,0.0
user0630,0,1,1,0.82,,0.67,0.7,0.67,0.78,0,0.0,0.0,0.0,0.0,0.0,0.0,0.0,0.0,0.0,,
user0661,1,1,0,0.0,,0.33,0.55,0.8,0.83,0.22,0.0,0.0,0.0,0.0,0.0,0.0,0.0,0.0,95.0,,0.0
user0708,0,1,1,0.36,,0.67,0.75,0.8,0.83,0.5,0.0,0.0,0.0,0.0,0.0,0.0,0.0,0.0,0.0,,
user0643,1,1,1,0.36,0.73,0.58,0.65,0.93,0.83,0,0.0,0.0,0.0,0.0,0.0,0.0,0.0,0.0,79.0,0.37,102.77777777777779
user0654,1,1,1,0.09,0.55,0.67,1,1,1,0,0.0,0.0,0.0,0.0,0.0,0.0,0.0,0.0,89.0,0.4600000000000001,511.11111111111126
user0675,0,1,0,0.09,,0.5,0.45,0.67,0.61,0.67,0.0,0.0,0.0,0.0,0.0,0.0,0.0,0.0,0.0,,
user0683,1,1,0,0.09,0.45,0.5,0.05,0.73,0.72,0.72,0.0,0.0,0.0,0.0,0.0,0.0,0.0,0.0,70.0,0.36,400.0
user0699,0,1,1,0.09,,0.42,0.5,0.53,0.5,0.72,0.0,0.0,0.0,0.0,0.0,0.0,0.0,0.0,0.0,,
user0702,0,1,1,0.09,,0.42,0.5,0.53,0.67,0.67,0.0,0.0,0.0,0.0,0.0,0.0,0.0,0.0,0.0,,
user0706,0,1,1,0.73,,0.67,0.75,0.67,0.67,0.67,0.0,0.0,0.0,0.0,0.0,0.0,0.0,0.0,0.0,,
user0649,1,1,1,0.09,0.36,0.58,0.4,0.67,0.61,0.67,0.0,0.0,0.0,0.0,0.0,0.0,0.0,0.0,73.0,0.27,300.00000000000006
user0688,1,1,1,0.18,0.64,0.67,0.1,0.67,0.56,0.72,0.0,0.0,0.0,0.0,0.0,0.0,0.0,0.0,85.0,0.46,255.55555555555557
user0692,1,1,1,0.36,0.55,0.5,0.7,0.73,0.61,0.72,0.0,0.0,0.0,0.0,0.0,0.0,0.0,0.0,87.0,0.19000000000000006,52.7777777777778
user0636,1,1,1,0.18,0.45,0.5,0.7,0.53,0.5,0.67,0.0,0.0,0.0,0.0,0.0,0.0,0.0,0.0,86.0,0.27,150.00000000000003
user0626, ,1,0,,,1,1,1,1,1,0.0,0.0,0.0,0.0,0.0,0.0,0.0,0.0,0.0,,0.0
user0647,0,1,1,0.45,,0.5,0.6,0.73,0.78,0.83,0.0,0.0,0.0,0.0,0.0,0.0,0.0,0.0,0.0,,
user0666,0,1,1,0.27,,0.92,0.9,0.73,0.83,0.83,0.0,0.0,0.0,0.0,0.0,0.0,0.0,0.0,0.0,,
user0669,1,1,1,0.18,,0.92,0.6,0.87,0.94,1,0.0,0.0,0.0,0.0,0.0,0.0,0.0,0.0,84.0,,
user0676,1,1,1,0.82,,0.67,0.85,0.93,0.78,0.94,0.0,0.0,0.0,0.0,0.0,0.0,0.0,0.0,84.0,,
user0693,1,1,0,0.27,,0.58,0.7,0.87,0.89,0.83,0.0,0.0,0.0,0.0,0.0,0.0,0.0,0.0,77.0,,
user0670,1,1,0,0.64,1.0,0.42,0.55,0.67,0.78,0.78,0.0,0.0,0.0,0.0,0.0,0.0,0.0,0.0,92.0,0.36,56.25
user0698,1,1,1,0.27,,0.42,0.5,0.47,0.44,0.5,1010421838.0,239.0,1372.0,239.0,67636441.0,942785397.0,341.0,1031.0,53.0,,
user0705,1,1,1,0.36,,0.5,0.75,0.73,0.44,0.28,60797219.0,9.0,26.0,9.0,6755321.0,54041898.0,9.0,17.0,60.0,,
user0640,1,1,1,0.09,0.55,0.5,0.3,0.67,0.5,0.56,513663283.0,72.0,3783.0,72.0,278958237.0,234705046.0,2295.0,1488.0,81.0,0.4600000000000001,511.11111111111126
user0653,1,1,1,0.82,,0.75,0.85,0.8,0.56,0.61,2696431206.0,387.0,3348.0,387.0,217058169.0,2479373037.0,1904.0,1444.0,94.0,,
user0658,1,1,1,0.18,0.73,0.58,0.75,0.6,0.56,0.5,603597143.0,111.0,1188.0,111.0,83746502.0,519850641.0,619.0,569.0,61.0,0.55,305.5555555555556
user0690,1,1,0,0.09,0.55,0.42,0,0.67,0.5,0.5,983841142.0,151.0,1124.0,151.0,52163850.0,931677292.0,691.0,433.0,91.0,0.4600000000000001,511.11111111111126
user0695,1,1,0,0.0,0.09,0.33,1,0.73,0.5,0.5,1476340290.0,223.0,2657.0,223.0,212026056.0,1264314234.0,1390.0,1267.0,85.0,0.09,0.0
user0673,1,1,1,0.0,0.55,0.33,0,0.67,0.44,0.33,1628878556.0,227.0,2239.0,227.0,114808992.0,1514069564.0,989.0,1250.0,79.0,0.55,0.0
user0657,1,1,1,0.09,0.45,0.42,0.65,0.6,1,0.5,415617950.0,59.0,1549.0,59.0,189440860.0,226177090.0,1083.0,466.0,61.0,0.36,400.0
user0663,1,1,1,0.36,0.64,0.58,0.5,0.6,0.78,0.33,423319542.0,59.0,3332.0,59.0,193663079.0,229656463.0,2382.0,950.0,79.0,0.28,77.77777777777779
user0665,1,1,0,0.18,,0.5,0.2,0.33,0.67,0.78,192991538.0,29.0,302.0,29.0,26669251.0,166322287.0,113.0,189.0,86.0,,
user0667,1,1,1,0.36,0.73,0.58,0.45,0.73,0.67,0.83,1362416265.0,194.0,2343.0,194.0,184059982.0,1178356283.0,1080.0,1263.0,85.0,0.37,102.77777777777779
user0645,1,1,1,0.18,0.91,0.58,0.65,0.6,0.78,0.78,1256530172.0,173.0,1431.0,173.0,116201437.0,1140328735.0,552.0,879.0,90.0,0.73,405.55555555555554
user0662,1,1,0,0.0,0.0,0.5,0.4,0.73,0.83,0.83,522962549.0,79.0,529.0,79.0,34679148.0,488283401.0,175.0,354.0,53.0,0.0,0.0
user0701,1,1,0,0.09,0.36,0.75,0.5,1,0.89,0.72,575744599.0,105.0,1635.0,105.0,44742630.0,531001969.0,593.0,1042.0,91.0,0.27,300.00000000000006
user0634,1,1,0,,0.64,0.67,0.4,0.67,0.89,0.83,1580445281.0,246.0,1046.0,246.0,51385020.0,1529060261.0,380.0,666.0,95.0,,0.0
user0668,1,1,1,0.09,0.55,0.67,0.35,0.67,0.78,0.72,523916971.0,80.0,2070.0,80.0,32500395.0,491416576.0,102.0,1968.0,89.0,0.4600000000000001,511.11111111111126
user0710,1,1,0,0.18,0.45,0.67,0.6,0.87,0.78,0.83,1960738021.0,277.0,1604.0,277.0,82502478.0,1878235543.0,489.0,1115.0,86.0,0.27,150.00000000000003
user0678,1,1,0,0.27,0.91,0.5,0.35,0.4,0.56,0.5,233530726.0,96.0,889.0,96.0,26752714.0,206778012.0,432.0,457.0,91.0,0.64,237.037037037037
user0684,1,1,0,0.09,0.36,0.25,0.15,0.6,0.33,0.44,1578195381.0,666.0,8433.0,666.0,165465835.0,1412729546.0,3778.0,4655.0,50.0,0.27,300.00000000000006
user0707,1,1,0,0.09,0.0,0.67,0.25,0.8,0.61,0.44,388821924.0,161.0,3170.0,161.0,43424251.0,345397673.0,1124.0,2046.0,47.0,-0.09,-100.0
user0694,0,1,0,0.0,,0.67,0.7,0.67,0.78,0.28,3425247.0,3.0,69.0,3.0,3425247.0,0.0,69.0,0.0,0.0,,0.0
user0686,1,1,0,0.0,0.64,0.92,0.75,0.93,0.83,0.44,377975216.0,137.0,1248.0,137.0,21155898.0,356819318.0,364.0,884.0,89.0,0.64,0.0
user0629,1,1,1,1.0,1.0,0.42,0.6,0.67,0.67,0.72,1686585419.0,852.0,9372.0,852.0,104360278.0,1582225141.0,1426.0,7946.0,91.0,0.0,0.0
user0677,1,1,0,0.09,0.64,0.42,0.35,0.67,0.72,0.72,2853555697.0,605.0,2369.0,605.0,14698105.0,2838857592.0,325.0,2044.0,71.0,0.55,611.1111111111112
user0631,1,1,1,0.09,0.73,0.5,0.45,0.6,0.72,0.83,66824832.0,41.0,1010.0,41.0,37636778.0,29188054.0,627.0,383.0,98.0,0.64,711.1111111111112
user0635,1,1,1,0.18,0.73,0.42,0.3,0.6,0.67,0.72,1218196798.0,315.0,2190.0,315.0,50267522.0,1167929276.0,706.0,1484.0,91.0,0.55,305.5555555555556
user0641,1,1,0,0.09,0.18,0.33,0.55,0.47,0.72,0.94,955439242.0,456.0,3616.0,456.0,56393186.0,899046056.0,829.0,2787.0,55.0,0.09,100.0
user0659,1,1,1,0.09,0.64,0.58,0.1,0.87,0.83,0.83,262310917.0,328.0,4364.0,328.0,26627804.0,235683113.0,2009.0,2355.0,95.0,0.55,611.1111111111112
user0703,1,1,1,0.09,,0.5,0.65,0.8,0.78,0.72,262781905.0,411.0,2106.0,411.0,7021466.0,255760439.0,507.0,1599.0,67.0,,
user0660,1,1,1,0.64,0.82,0.67,0.8,1,0.83,0.89,3713618881.0,802.0,6261.0,802.0,355510647.0,3358108234.0,3008.0,3253.0,85.0,0.17999999999999994,28.12499999999999
user0680,1,1,1,0.73,1.0,0.58,0.75,0.67,0.83,0.67,1293143177.0,697.0,8469.0,697.0,93609874.0,1199533303.0,2491.0,5978.0,96.0,0.27,36.986301369863014
user0637,1,1,1,0.18,0.73,0.58,0.3,0.67,0.89,0.72,151080056.0,245.0,4163.0,245.0,13295663.0,137784393.0,1509.0,2654.0,90.0,0.55,305.5555555555556
user0642,1,1,0,0.18,1.0,0.92,0.65,0.8,0.94,0.78,2519827690.0,842.0,16370.0,842.0,148515072.0,2371312618.0,3993.0,12377.0,99.0,0.8200000000000001,455.5555555555556
user0648,1,1,1,0.18,0.27,0.67,0.5,0.8,0.89,0.67,718002148.0,323.0,2450.0,323.0,48624656.0,669377492.0,737.0,1713.0,69.0,0.09000000000000002,50.000000000000014
user0650,1,1,1,0.27,0.91,0.67,0.6,0.67,1,0.78,2494161387.0,498.0,7241.0,498.0,255260647.0,2238900740.0,3422.0,3819.0,92.0,0.64,237.037037037037
user0651,1,1,1,0.73,0.91,0.67,0.5,1,0.83,0.83,2017513418.0,593.0,6427.0,593.0,191105960.0,1826407458.0,3028.0,3399.0,93.0,0.18000000000000005,24.65753424657535
user0652,1,1,0,0.27,1.0,0.58,0.6,0.73,0.78,0.72,207807806.0,209.0,1639.0,209.0,50523563.0,157284243.0,790.0,849.0,99.0,0.73,270.3703703703703
user0679,1,1,1,0.09,0.64,0.75,0.5,0.67,0.89,0.67,9350426.0,4.0,120.0,4.0,9350426.0,0.0,120.0,0.0,95.0,0.55,611.1111111111112
user0780,0,1, ,0.09,, , , , , ,0.0,0.0,0.0,0.0,0.0,0.0,0.0,0.0,0.0,,
user0809,0,1, ,,, , , , , ,0.0,0.0,0.0,0.0,0.0,0.0,0.0,0.0,0.0,,0.0
user0830,0,1, ,,, , , , , ,0.0,0.0,0.0,0.0,0.0,0.0,0.0,0.0,0.0,,0.0
user0837,0,1, ,,, , , , , ,0.0,0.0,0.0,0.0,0.0,0.0,0.0,0.0,0.0,,0.0
user0840,1,1, ,,, , , , , ,0.0,0.0,0.0,0.0,0.0,0.0,0.0,0.0,55.0,,0.0
user0836,1,1, ,,, , , , , ,0.0,0.0,0.0,0.0,0.0,0.0,0.0,0.0,81.0,,0.0
user0755,1,1,1,0.18,,0.33,0,0.67,0.5,0.5,0.0,0.0,0.0,0.0,0.0,0.0,0.0,0.0,50.0,,
user0757,1,1,1,0.0,,0.67,0.5,0.87,0.67,0.56,0.0,0.0,0.0,0.0,0.0,0.0,0.0,0.0,86.0,,0.0
user0801,1,1,1,0.09,,0.67,0.65,0.67,0.56,0.28,0.0,0.0,0.0,0.0,0.0,0.0,0.0,0.0,86.0,,
user0811,1,1,1,0.09,,0.25,0.45,0.53,0.5,0.44,0.0,0.0,0.0,0.0,0.0,0.0,0.0,0.0,89.0,,
user0813,1,1,1,0.18,,0.58,0.55,0.8,0.72,0.61,0.0,0.0,0.0,0.0,0.0,0.0,0.0,0.0,90.0,,
user0820,0,1,1,0.09,,0.58,0.25,0.53,0.5,0.5,0.0,0.0,0.0,0.0,0.0,0.0,0.0,0.0,0.0,,
user0822,0,1,1,0.09,,0.67,0.5,0.53,0.5,0.5,0.0,0.0,0.0,0.0,0.0,0.0,0.0,0.0,0.0,,
user0834,0,1,1,0.0,,0.5,0.5,0.67,0.61,0.61,0.0,0.0,0.0,0.0,0.0,0.0,0.0,0.0,0.0,,0.0
user0765,1,1,1,0.09,0.45,0.33,0.4,0.6,0.5,0,0.0,0.0,0.0,0.0,0.0,0.0,0.0,0.0,82.0,0.36,400.0
user0770,1,1,1,0.09,0.0,0.17,0.25,0.33,0.28,0.22,0.0,0.0,0.0,0.0,0.0,0.0,0.0,0.0,66.0,-0.09,-100.0
user0785,1,1,1,0.09,0.82,0.42,0.15,0.53,0.39,0.56,0.0,0.0,0.0,0.0,0.0,0.0,0.0,0.0,94.0,0.73,811.1111111111111
user0799,1,1,1,0.09,0.82,0.5,0.35,0.73,0.61,0.17,0.0,0.0,0.0,0.0,0.0,0.0,0.0,0.0,91.0,0.73,811.1111111111111
user0804,1,1,0,0.18,0.36,0.25,0,0.13,0.72,0.5,0.0,0.0,0.0,0.0,0.0,0.0,0.0,0.0,60.0,0.18,100.0
user0806,1,1,1,0.27,1.0,0.42,0.7,0.67,0.72,0.33,0.0,0.0,0.0,0.0,0.0,0.0,0.0,0.0,67.0,0.73,270.3703703703703
user0826,1,1,1,0.45,0.36,0.58,0.6,0.67,0.72,0.5,0.0,0.0,0.0,0.0,0.0,0.0,0.0,0.0,94.0,-0.09000000000000002,-20.000000000000004
user0835,1,1,0,0.09,,0.5,0.15,0.93,0.56,0.33,0.0,0.0,0.0,0.0,0.0,0.0,0.0,0.0,51.0,,
user0764,1,1,1,0.18,0.91,0.5,0.45,0.6,0.56,0.44,0.0,0.0,0.0,0.0,0.0,0.0,0.0,0.0,98.0,0.73,405.55555555555554
user0777,1,1,0,0.09,0.64,0.58,0.2,0.67,0.67,0.44,0.0,0.0,0.0,0.0,0.0,0.0,0.0,0.0,89.0,0.55,611.1111111111112
user0766,1,1,1,0.55,,1,0.9,0.8,0.83,0.56,0.0,0.0,0.0,0.0,0.0,0.0,0.0,0.0,90.0,,
user0795,1,1,1,0.18,,0.67,0.65,0.73,0.83,0.56,0.0,0.0,0.0,0.0,0.0,0.0,0.0,0.0,79.0,,
user0823,0,1,1,0.0,,0.33,0.25,0.6,0.78,0.56,0.0,0.0,0.0,0.0,0.0,0.0,0.0,0.0,0.0,,0.0
user0783,1,1,1,0.18,0.55,0.42,0.1,0.8,0.78,0.56,0.0,0.0,0.0,0.0,0.0,0.0,0.0,0.0,80.0,0.37000000000000005,205.55555555555557
user0793,1,1,1,0.0,0.91,0.67,0.55,0.87,0.89,0.5,0.0,0.0,0.0,0.0,0.0,0.0,0.0,0.0,63.0,0.91,0.0
user0763,1,1,0,0.09,0.64,0.58,0.5,0.6,0.83,0.61,0.0,0.0,0.0,0.0,0.0,0.0,0.0,0.0,86.0,0.55,611.1111111111112
user0786,1,1,0,0.09,0.36,0.5,0.1,0.53,0.78,0.44,0.0,0.0,0.0,0.0,0.0,0.0,0.0,0.0,68.0,0.27,300.00000000000006
user0789,0,1,1,0.09,,0.33,0.25,0.8,0.5,0.67,0.0,0.0,0.0,0.0,0.0,0.0,0.0,0.0,0.0,,
user0805,1,1,1,0.09,,0.5,0.5,0.87,0.67,0.72,0.0,0.0,0.0,0.0,0.0,0.0,0.0,0.0,45.0,,
user0756,1,1,0,0.09,0.36,0.5,0.6,0.67,0.61,0.72,0.0,0.0,0.0,0.0,0.0,0.0,0.0,0.0,79.0,0.27,300.00000000000006
user0782,1,1,1,0.09,0.64,0.58,0.1,0.67,0.67,0.67,0.0,0.0,0.0,0.0,0.0,0.0,0.0,0.0,77.0,0.55,611.1111111111112
user0784,1,1,1,0.18,1.0,0.58,0.65,0.67,0.72,0.67,0.0,0.0,0.0,0.0,0.0,0.0,0.0,0.0,92.0,0.8200000000000001,455.5555555555556
user0810,1,1,1,0.18,0.91,0.67,0.15,0.53,0.61,0.67,0.0,0.0,0.0,0.0,0.0,0.0,0.0,0.0,92.0,0.73,405.55555555555554
user0829,1,1,1,0.09,1.0,0.58,0.2,0.6,0.67,0.67,0.0,0.0,0.0,0.0,0.0,0.0,0.0,0.0,95.0,0.91,1011.1111111111112
user0831,1,1,1,0.27,0.64,0.58,0.2,1,0.67,1,0.0,0.0,0.0,0.0,0.0,0.0,0.0,0.0,88.0,0.37,137.037037037037
user0774,0,1,1,0.64,,0.58,0.35,0.67,0.83,0.78,0.0,0.0,0.0,0.0,0.0,0.0,0.0,0.0,0.0,,
user0816,1,1,0,0.18,,0.67,0.65,0.67,0.83,0.67,0.0,0.0,0.0,0.0,0.0,0.0,0.0,0.0,66.0,,
user0833,1,1,1,0.09,,0.5,1,0.67,1,1,0.0,0.0,0.0,0.0,0.0,0.0,0.0,0.0,47.0,,
user0752,1,1,0,0.18,0.55,0.67,0.65,0.93,0.83,0.83,0.0,0.0,0.0,0.0,0.0,0.0,0.0,0.0,89.0,0.37000000000000005,205.55555555555557
user0776,1,1,1,0.18,0.91,0.67,0.75,0.67,0.83,0.78,0.0,0.0,0.0,0.0,0.0,0.0,0.0,0.0,88.0,0.73,405.55555555555554
user0779,1,1,1,0.36,0.55,0.5,0.6,0.8,0.94,0.78,0.0,0.0,0.0,0.0,0.0,0.0,0.0,0.0,79.0,0.19000000000000006,52.7777777777778
user0814,1,1,1,0.09,0.18,0.58,0.65,0.67,0.78,0.72,0.0,0.0,0.0,0.0,0.0,0.0,0.0,0.0,65.0,0.09,100.0
user0768,1,1,1,0.09,,0.33,0.5,0.67,0.67,0.61,727148820.0,137.0,6653.0,137.0,270351158.0,456797662.0,3612.0,3041.0,60.0,,
user0802,0,1,0,0.64,,0.5,0.6,0.87,0.61,0.11,9711285.0,2.0,34.0,2.0,9711285.0,0.0,34.0,0.0,0.0,,
user0818,1,1,1,0.55,,0.33,0.35,0.47,0.22,0.5,5725782172.0,819.0,10909.0,819.0,482558655.0,5243223517.0,4739.0,6170.0,83.0,,
user0781,1,1,0,0.27,0.0,0.5,0.45,0.6,0.67,0.44,46926236.0,10.0,205.0,10.0,23462816.0,23463420.0,96.0,109.0,66.0,-0.27,-100.0
user0791,1,1,1,0.09,0.73,0.5,0.65,0.47,0.5,0.56,6236665603.0,876.0,6624.0,876.0,306073431.0,5930592172.0,1112.0,5512.0,69.0,0.64,711.1111111111112
user0797,1,1,0,0.18,0.82,0.58,0.35,0.67,0.67,0.44,2704808482.0,383.0,2305.0,383.0,42238008.0,2662570474.0,253.0,2052.0,89.0,0.6399999999999999,355.55555555555554
user0812,1,1,1,0.0,0.64,0.42,0.35,0.67,0.44,0.39,33336056.0,5.0,164.0,5.0,26668785.0,6667271.0,162.0,2.0,88.0,0.64,0.0
user0815,1,1,0,0.09,0.73,0.67,0.3,0.6,0.5,0.39,282934907.0,46.0,648.0,46.0,61504985.0,221429922.0,233.0,415.0,94.0,0.64,711.1111111111112
user0824,1,1,1,0.0,0.82,0.58,0.25,0.47,0.5,0,2827304976.0,585.0,3812.0,585.0,173960643.0,2653344333.0,969.0,2843.0,94.0,0.82,0.0
user0825,1,1,0,0.09,0.45,0.33,0.2,0.6,0.5,0.61,2172220172.0,340.0,2850.0,340.0,301530038.0,1870690134.0,1480.0,1370.0,95.0,0.36,400.0
user0790,1,1,0,0.18,0.45,0.5,0.35,0.67,0.61,0.5,2326584066.0,327.0,3865.0,327.0,170872827.0,2155711239.0,1518.0,2347.0,65.0,0.27,150.00000000000003
user0803,1,1,1,0.09,0.45,0.42,0.45,0.67,0.5,0.22,2707395187.0,381.0,1048.0,381.0,63888411.0,2643506776.0,209.0,839.0,25.0,0.36,400.0
user0827,1,1,1,0.18,0.27,0.75,0.6,0.67,0.72,0.67,755653182.0,112.0,839.0,112.0,107944271.0,647708911.0,395.0,444.0,82.0,0.09000000000000002,50.000000000000014
user0794,0,1,1,0.09,,0.75,0.5,0.8,0.94,0.67,409373317.0,96.0,728.0,96.0,34114646.0,375258671.0,227.0,501.0,0.0,,
user0817,1,1,1,0.18,0.73,0.58,0.65,0.6,0.78,0.78,5384546802.0,776.0,9428.0,776.0,402339773.0,4982207029.0,3753.0,5675.0,76.0,0.55,305.5555555555556
user0832,0,1,1,0.91,,0.75,0.8,1,0.83,0.67,4868415348.0,730.0,4138.0,730.0,373504351.0,4494910997.0,1705.0,2433.0,0.0,,
user0769,1,1,1,0.09,0.73,0.67,0.45,0.93,0.89,0.83,562699571.0,106.0,972.0,106.0,69007365.0,493692206.0,280.0,692.0,85.0,0.64,711.1111111111112
user0819,1,1,1,0.18,0.82,0.67,0.5,0.67,0.83,0.83,2513755806.0,376.0,1450.0,376.0,40096140.0,2473659666.0,435.0,1015.0,83.0,0.6399999999999999,355.55555555555554
user0838,1,1, ,,0.55, , , , , ,859872615.0,145.0,5130.0,145.0,119709202.0,740163413.0,1528.0,3602.0,84.0,,0.0
user0778,1,1,0,0.09,,0.33,0.45,0.53,0.61,0.5,1219096962.0,408.0,2275.0,408.0,68579313.0,1150517649.0,819.0,1456.0,31.0,,
user0788,0,1,1,0.09,,0.5,0.3,0.6,0.44,0.22,92905207.0,164.0,3702.0,164.0,11523971.0,81381236.0,1202.0,2500.0,0.0,,
user0808,1,1,1,0.36,,0.42,0.55,0.67,0.61,0.61,1838963011.0,352.0,1910.0,352.0,52242744.0,1786720267.0,399.0,1511.0,88.0,,
user0753,1,1,1,0.09,0.64,0.58,0.55,0.87,0.67,0,203309545.0,84.0,657.0,84.0,29039015.0,174270530.0,409.0,248.0,91.0,0.55,611.1111111111112
user0758,1,1,1,0.55,1.0,0.5,0.6,0.67,0.5,0,25654525.0,52.0,2152.0,52.0,16383261.0,9271264.0,1109.0,1043.0,100.0,0.44999999999999996,81.8181818181818
user0754,0,1,1,0.18,0.18,0.5,0.65,0.53,0.67,0.5,1465110058.0,970.0,5617.0,970.0,81641514.0,1383468544.0,2181.0,3436.0,0.0,0.0,0.0
user0775,0,1,1,0.18,,0.75,0.3,0.87,0.89,0.22,34439020.0,60.0,1165.0,60.0,7327976.0,27111044.0,586.0,579.0,0.0,,
user0762,1,1,1,0.27,1.0,0.83,0.7,0.67,0.83,0.56,1415519582.0,378.0,3311.0,378.0,91350497.0,1324169085.0,1339.0,1972.0,90.0,0.73,270.3703703703703
user0772,1,1,1,0.45,0.82,0.92,0.9,1,1,0.61,281120059.0,322.0,4577.0,322.0,44348498.0,236771561.0,1850.0,2727.0,90.0,0.36999999999999994,82.22222222222221
user0771,0,1,1,0.0,,0.58,0.6,0.8,0.56,0.83,102668546.0,189.0,1394.0,189.0,5417140.0,97251406.0,608.0,786.0,0.0,,0.0
user0800,1,1,0,0.27,,0.5,0.5,0.53,0.61,0.67,78849375.0,136.0,2974.0,136.0,7055348.0,71794027.0,863.0,2111.0,89.0,,
user0759,1,1,1,0.18,0.55,0.58,0.5,0.67,0.67,0.67,13796514.0,41.0,404.0,41.0,1681065.0,12115449.0,93.0,311.0,83.0,0.37000000000000005,205.55555555555557
user0807,1,1,0,0.09,0.55,0.58,0.05,0.73,0.67,0.67,208684359.0,101.0,852.0,101.0,14563290.0,194121069.0,255.0,597.0,91.0,0.4600000000000001,511.11111111111126
user0773,1,1,0,0.36,0.64,0.67,0.75,0.6,0.72,0.83,56780464.0,105.0,1384.0,105.0,6789477.0,49990987.0,375.0,1009.0,88.0,0.28,77.77777777777779
user0787,1,1,1,0.09,0.82,1,0.65,0.73,0.67,0.67,9700977.0,4.0,88.0,4.0,9700977.0,0.0,88.0,0.0,93.0,0.73,811.1111111111111
user0828,1,1,1,0.09,0.55,0.5,0.35,1,0.56,0.67,314871140.0,112.0,1033.0,112.0,18074525.0,296796615.0,710.0,323.0,87.0,0.4600000000000001,511.11111111111126
user0796,1,1,1,0.18,,0.5,0.45,0.53,0.89,0.72,420210746.0,106.0,1538.0,106.0,65808530.0,354402216.0,1076.0,462.0,52.0,,
user0760,1,1,1,0.09,0.91,0.67,0.45,0.73,0.89,0.67,4705492414.0,859.0,8901.0,859.0,380012762.0,4325479652.0,2979.0,5922.0,97.0,0.8200000000000001,911.1111111111112
user0761,1,1,1,0.82,0.91,0.92,1,0.8,1,1,1038226841.0,786.0,5053.0,786.0,28540348.0,1009686493.0,1212.0,3841.0,94.0,0.09000000000000008,10.97560975609757
user0767,1,1,1,0.73,0.91,0.67,0.75,1,0.83,0.94,104313844.0,173.0,1402.0,173.0,55192430.0,49121414.0,361.0,1041.0,79.0,0.18000000000000005,24.65753424657535
user0792,1,1,1,0.09,0.64,0.25,0.3,0.6,0.83,1,146949469.0,125.0,1387.0,125.0,11130353.0,135819116.0,362.0,1025.0,87.0,0.55,611.1111111111112
user0798,1,1,1,0.09,0.45,0.92,0.85,0.93,0.83,0.72,238023748.0,73.0,2803.0,73.0,97059286.0,140964462.0,2126.0,677.0,92.0,0.36,400.0
user0821,1,1,0,0.27,0.82,0.75,0.5,0.73,0.94,0.67,328582713.0,83.0,1562.0,83.0,50334236.0,278248477.0,552.0,1010.0,94.0,0.5499999999999999,203.70370370370367
user0945,0,1, ,,, , , , , ,0.0,0.0,0.0,0.0,0.0,0.0,0.0,0.0,0.0,,0.0
user0955,0,1, ,,, , , , , ,0.0,0.0,0.0,0.0,0.0,0.0,0.0,0.0,0.0,,0.0
user0961,0,1, ,,, , , , , ,0.0,0.0,0.0,0.0,0.0,0.0,0.0,0.0,0.0,,0.0
user0962,0,1, ,,, , , , , ,0.0,0.0,0.0,0.0,0.0,0.0,0.0,0.0,0.0,,0.0
user0963,0,1, ,,, , , , , ,0.0,0.0,0.0,0.0,0.0,0.0,0.0,0.0,0.0,,0.0
user0964,1,1, ,,, , , , , ,0.0,0.0,0.0,0.0,0.0,0.0,0.0,0.0,67.0,,0.0
user0901,0,1,1,0.09,,0.33,0.1,0.6,0.72,0.28,0.0,0.0,0.0,0.0,0.0,0.0,0.0,0.0,0.0,,
user0905,1,1,1,0.27,,0.42,0.55,0.6,0.61,0.17,0.0,0.0,0.0,0.0,0.0,0.0,0.0,0.0,86.0,,
user0921,1,1,1,0.45,,0.67,0.9,0.87,0.67,0.61,0.0,0.0,0.0,0.0,0.0,0.0,0.0,0.0,85.0,,
user0928,0,1,0,0.09,,0.42,0.55,0.87,0.67,0,0.0,0.0,0.0,0.0,0.0,0.0,0.0,0.0,0.0,,
user0931,1,1,1,0.45,,0.67,0.6,0.47,0.56,0.56,0.0,0.0,0.0,0.0,0.0,0.0,0.0,0.0,92.0,,
user0932,0,1,0,0.09,,0.33,0.1,0.47,0.56,0.44,0.0,0.0,0.0,0.0,0.0,0.0,0.0,0.0,0.0,,
user0941,0,1,1,0.0,,0.5,0.25,0.6,0.5,0.5,0.0,0.0,0.0,0.0,0.0,0.0,0.0,0.0,0.0,,0.0
user0949,0,1,1,0.09,,0.58,0.35,0.8,0.72,0.28,0.0,0.0,0.0,0.0,0.0,0.0,0.0,0.0,0.0,,
user0877,1,1,1,0.09,0.45,0.5,0.5,0.6,0.28,0.5,0.0,0.0,0.0,0.0,0.0,0.0,0.0,0.0,57.0,0.36,400.0
user0889,1,1,1,0.09,0.27,0.58,0.15,0.67,0.5,0.28,0.0,0.0,0.0,0.0,0.0,0.0,0.0,0.0,64.0,0.18000000000000002,200.00000000000006
user0893,1,1,1,0.09,0.09,0.67,0.05,1,0.28,0.39,0.0,0.0,0.0,0.0,0.0,0.0,0.0,0.0,64.0,0.0,0.0
user0926,1,1,1,0.27,0.73,0.33,0.45,0.33,0.5,0.5,0.0,0.0,0.0,0.0,0.0,0.0,0.0,0.0,76.0,0.45999999999999996,170.37037037037035
user0933,1,1,0,0.09,0.09,0.33,0.25,0.6,0.33,0.33,0.0,0.0,0.0,0.0,0.0,0.0,0.0,0.0,75.0,0.0,0.0
user0936,1,1,1,0.0,0.09,0.58,0.65,0.53,0.67,0.39,0.0,0.0,0.0,0.0,0.0,0.0,0.0,0.0,25.0,0.09,0.0
user0910,1,1,1,0.27,0.73,0.58,0.35,0.67,0.72,0.61,0.0,0.0,0.0,0.0,0.0,0.0,0.0,0.0,95.0,0.45999999999999996,170.37037037037035
user0929,1,1,1,0.18,0.36,0.5,0.6,0.6,0.67,0.5,0.0,0.0,0.0,0.0,0.0,0.0,0.0,0.0,78.0,0.18,100.0
user0940,1,1,0,0.18,0.27,0.5,0.05,0.67,0.61,0.5,0.0,0.0,0.0,0.0,0.0,0.0,0.0,0.0,92.0,0.09000000000000002,50.000000000000014
user0947,1,1,1,0.0,0.45,0.58,0.5,0.6,0.5,0.5,0.0,0.0,0.0,0.0,0.0,0.0,0.0,0.0,90.0,0.45,0.0
user0951,1,1,1,0.45,0.36,0.42,0.7,0.8,0.61,0.5,0.0,0.0,0.0,0.0,0.0,0.0,0.0,0.0,58.0,-0.09000000000000002,-20.000000000000004
user0886,1,1,1,0.09,,0.58,0.65,0.67,0.89,0.56,0.0,0.0,0.0,0.0,0.0,0.0,0.0,0.0,65.0,,
user0894,0,1,1,0.0,,0.5,0.15,0.67,0.78,0,0.0,0.0,0.0,0.0,0.0,0.0,0.0,0.0,0.0,,0.0
user0911,0,1,1,0.09,,0.33,0.55,1,0.83,0.33,0.0,0.0,0.0,0.0,0.0,0.0,0.0,0.0,0.0,,
user0924,1,1,1,0.27,,0.58,0.45,0.67,0.94,0.5,0.0,0.0,0.0,0.0,0.0,0.0,0.0,0.0,84.0,,
user0948,0,1,1,0.55,,0.58,0.8,0.67,0.83,0,0.0,0.0,0.0,0.0,0.0,0.0,0.0,0.0,0.0,,
user0879,1,1,1,0.18,0.82,0.67,0.4,0.6,0.83,0.44,0.0,0.0,0.0,0.0,0.0,0.0,0.0,0.0,99.0,0.6399999999999999,355.55555555555554
user0939,1,1,0,0.09,0.36,0.5,0.6,0.87,0.83,0.39,0.0,0.0,0.0,0.0,0.0,0.0,0.0,0.0,86.0,0.27,300.00000000000006
user0943,1,1,1,0.0,0.36,0.58,0.65,0.6,0.83,0.61,0.0,0.0,0.0,0.0,0.0,0.0,0.0,0.0,58.0,0.36,0.0
user0958,1,1,0,0.45,0.55,0.67,0.4,1,0.94,0.56,0.0,0.0,0.0,0.0,0.0,0.0,0.0,0.0,38.0,0.10000000000000003,22.22222222222223
user0881,1,1,1,0.0,,0.5,0.55,0.6,0.5,0.83,0.0,0.0,0.0,0.0,0.0,0.0,0.0,0.0,68.0,,0.0
user0887,1,1,1,0.27,,0.67,0.8,0.93,0.67,0.78,0.0,0.0,0.0,0.0,0.0,0.0,0.0,0.0,91.0,,
user0960,0,1,1,0.09,,0.5,0.75,0.67,0.72,0.72,0.0,0.0,0.0,0.0,0.0,0.0,0.0,0.0,0.0,,
user0895,1,1,1,0.09,0.36,0.5,0.3,0.67,0.72,0.83,0.0,0.0,0.0,0.0,0.0,0.0,0.0,0.0,96.0,0.27,300.00000000000006
user0906,1,1,1,0.18,0.09,0.5,0.7,0.6,0.5,0.72,0.0,0.0,0.0,0.0,0.0,0.0,0.0,0.0,69.0,-0.09,-50.0
user0950,1,1,1,0.27,0.45,0.58,0.6,0.67,0.61,0.67,404981031.0,96.0,224.0,96.0,0.0,404981031.0,0.0,224.0,90.0,0.18,66.66666666666666
user0956,1,1,1,0.09,0.27,0.42,0.55,0.67,0.39,0.67,0.0,0.0,0.0,0.0,0.0,0.0,0.0,0.0,59.0,0.18000000000000002,200.00000000000006
user0908,1,1,0,0.18,0.82,0.58,0.4,0.6,0.72,0.72,0.0,0.0,0.0,0.0,0.0,0.0,0.0,0.0,86.0,0.6399999999999999,355.55555555555554
user0937,1,1,1,0.09,0.27,0.58,0.2,0.93,0.67,0.72,0.0,0.0,0.0,0.0,0.0,0.0,0.0,0.0,55.0,0.18000000000000002,200.00000000000006
user0938,1,1,1,0.18,0.18,0.5,0.6,0.67,0.67,0.83,0.0,0.0,0.0,0.0,0.0,0.0,0.0,0.0,86.0,0.0,0.0
user0903,1,1,1,0.09,,0.83,0.6,1,0.83,0.83,0.0,0.0,0.0,0.0,0.0,0.0,0.0,0.0,77.0,,
user0913,0,1,1,0.18,,0.75,0.65,0.93,0.78,0.78,0.0,0.0,0.0,0.0,0.0,0.0,0.0,0.0,0.0,,
user0935,0,1,1,0.09,,0.67,0.4,0.6,0.78,0.67,0.0,0.0,0.0,0.0,0.0,0.0,0.0,0.0,0.0,,
user0944,0,1,1,0.18,,0.75,0.65,0.73,0.83,0.67,0.0,0.0,0.0,0.0,0.0,0.0,0.0,0.0,0.0,,
user0952,0,1,1,0.64,,1,0.85,1,1,1,0.0,0.0,0.0,0.0,0.0,0.0,0.0,0.0,0.0,,
user0957,1,1,0,0.64,,0.75,0.85,0.93,0.83,0.67,0.0,0.0,0.0,0.0,0.0,0.0,0.0,0.0,97.0,,
user0915,1,1,0,0.09,0.27,0.58,0.55,0.93,0.89,0.67,0.0,0.0,0.0,0.0,0.0,0.0,0.0,0.0,55.0,0.18000000000000002,200.00000000000006
user0907,1,1,1,0.09,1.0,0.58,0.8,0.8,0.89,0.67,0.0,0.0,0.0,0.0,0.0,0.0,0.0,0.0,95.0,0.91,1011.1111111111112
user0880,1,1,1,0.36,0.45,0.5,0.65,0.53,0.56,0.61,5034874643.0,766.0,6192.0,766.0,566698178.0,4468176465.0,3390.0,2802.0,71.0,0.09000000000000002,25.000000000000007
user0897,1,1,1,0.09,0.45,0.58,0.2,0.67,0.5,0.5,669562421.0,86.0,390.0,86.0,31141155.0,638421266.0,120.0,270.0,90.0,0.36,400.0
user0919,0,1,0,0.27,1.0,0.17,0.25,0.2,0.22,0.33,1995686498.0,518.0,3490.0,518.0,142544897.0,1853141601.0,1376.0,2114.0,0.0,0.73,270.3703703703703
user0923,1,1,1,0.0,0.73,0.58,0.5,0.6,0.61,0.56,556425252.0,102.0,596.0,102.0,27274468.0,529150784.0,173.0,423.0,57.0,0.73,0.0
user0904,1,1,1,0.27,,0.58,0.7,0.67,0.56,0.67,200958957.0,28.0,1955.0,28.0,86126760.0,114832197.0,1153.0,802.0,81.0,,
user0925,1,1,1,0.18,,0.58,0.35,0.67,0.72,0.83,1504404003.0,256.0,1814.0,256.0,82259550.0,1422144453.0,561.0,1253.0,61.0,,
user0922,0,1,1,0.91,,0.75,1,0.93,1,0.89,4231170.0,1.0,78.0,1.0,0.0,4231170.0,0.0,78.0,0.0,,
user0882,1,1,1,0.18,0.73,0.83,0.65,0.6,1,1,1921529664.0,272.0,7060.0,272.0,500402964.0,1421126700.0,3666.0,3394.0,100.0,0.55,305.5555555555556
user0934,1,1,0,0.0,0.64,1,1,0.93,1,1,650253640.0,113.0,831.0,113.0,32519056.0,617734584.0,248.0,583.0,86.0,0.64,0.0
user0878,1,1,1,0.27,0.73,0.58,0.6,0.67,0.83,0.67,2920565980.0,425.0,2948.0,425.0,363320634.0,2557245346.0,1350.0,1598.0,93.0,0.45999999999999996,170.37037037037035
user0890,1,1,1,0.18,0.45,0.83,0.4,0.93,0.83,1,703902472.0,98.0,734.0,98.0,79004435.0,624898037.0,378.0,356.0,64.0,0.27,150.00000000000003
user0891,1,1,1,0.09,0.45,0.67,0.65,0.73,1,0.67,662953236.0,102.0,494.0,102.0,77966151.0,584987085.0,219.0,275.0,93.0,0.36,400.0
user0898,1,1,1,0.18,0.45,0.83,0.7,0.93,0.78,0.72,2070461132.0,271.0,1549.0,271.0,106964794.0,1963496338.0,456.0,1093.0,39.0,0.27,150.00000000000003
user0927,1,1,1,0.0,0.64,0.75,0.3,0.93,0.94,0.78,576488609.0,142.0,822.0,142.0,28408655.0,548079954.0,112.0,710.0,90.0,0.64,0.0
user0888,0,1,1,0.18,,0.5,0.5,0.67,0.39,0.56,58527972.0,125.0,753.0,125.0,5615999.0,52911973.0,219.0,534.0,0.0,,
user0909,1,1,0,0.09,,0,0,0.33,0.56,0.5,207622834.0,67.0,549.0,67.0,14761582.0,192861252.0,90.0,459.0,27.0,,
user0892,1,1,1,0.09,0.64,0.5,0.45,0.8,0.61,0.56,4294262135.0,1209.0,21135.0,1209.0,412364302.0,3881897833.0,5200.0,15935.0,54.0,0.55,611.1111111111112
user0953,1,1,1,0.09,0.64,0.5,0.1,0.67,0.56,0.56,396044515.0,74.0,1422.0,74.0,108647012.0,287397503.0,923.0,499.0,91.0,0.55,611.1111111111112
user0884,1,1,1,0.0,0.36,0.58,0.55,0.73,0.5,0.56,1686610304.0,238.0,1553.0,238.0,86407207.0,1600203097.0,455.0,1098.0,84.0,0.36,0.0
user0920,1,1,0,0.09,0.64,0.5,0.65,0.47,0.22,0.44,677248375.0,267.0,2685.0,267.0,41764590.0,635483785.0,851.0,1834.0,89.0,0.55,611.1111111111112
user0930,1,1,1,0.55,0.73,0.58,0.65,0.73,0.56,0.56,198088311.0,103.0,1056.0,103.0,7721927.0,190366384.0,149.0,907.0,86.0,0.17999999999999994,32.72727272727272
user0954,0,1,1,0.45,,0.92,0.8,1,0.83,0.61,185632246.0,55.0,4429.0,55.0,69994133.0,115638113.0,1889.0,2540.0,0.0,,
user0899,1,1,0,0.27,0.91,0.83,0.75,0.93,0.83,0.56,2697369189.0,626.0,11894.0,626.0,140980239.0,2556388950.0,3717.0,8177.0,90.0,0.64,237.037037037037
user0918,1,1,1,0.55,,0.83,0.75,0.93,0.72,0.72,1220295.0,2.0,45.0,2.0,1220295.0,0.0,45.0,0.0,96.0,,
user0916,1,1,0,0.0,0.73,0.5,0.25,0.6,0.72,0.83,88872141.0,86.0,451.0,86.0,6196689.0,82675452.0,108.0,343.0,86.0,0.73,0.0
user0942,1,1,1,0.27,0.82,0.33,0.25,0.6,0.61,0.67,1858655565.0,645.0,14992.0,645.0,115328028.0,1743327537.0,3518.0,11474.0,96.0,0.5499999999999999,203.70370370370367
user0896,1,1,0,0.09,,0.83,0.9,0.87,0.89,0.83,1427108355.0,460.0,3155.0,460.0,57757833.0,1369350522.0,777.0,2378.0,87.0,,
user0959,0,1,1,0.45,,0.58,0.75,0.93,0.78,0.67,59308211.0,88.0,1911.0,88.0,6744802.0,52563409.0,265.0,1646.0,0.0,,
user0883,1,1,1,0.09,0.64,0.75,0.75,0.73,0.89,0.89,267082500.0,44.0,3366.0,44.0,252880154.0,14202346.0,3327.0,39.0,97.0,0.55,611.1111111111112
user0885,1,1,1,0.27,0.45,0.58,0.3,0.67,0.78,0.67,113326543.0,93.0,783.0,93.0,8528313.0,104798230.0,459.0,324.0,70.0,0.18,66.66666666666666
user0902,1,1,0,0.18,0.55,0.58,0.5,0.6,0.78,0.78,1993344221.0,624.0,5026.0,624.0,99440654.0,1893903567.0,1439.0,3587.0,53.0,0.37000000000000005,205.55555555555557
user0912,1,1,0,0.18,1.0,0.75,0.55,0.87,0.78,0.78,1895310541.0,602.0,6366.0,602.0,161981750.0,1733328791.0,2690.0,3676.0,98.0,0.8200000000000001,455.5555555555556
user0914,1,1,0,0.27,0.55,0.67,0.7,0.87,0.94,0.83,779958893.0,187.0,1295.0,187.0,19485163.0,760473730.0,309.0,986.0,96.0,0.28,103.7037037037037
user0900,1,1,1,0.91,0.91,0.75,0.85,0.87,0.83,0.78,445057465.0,260.0,1275.0,260.0,37593568.0,407463897.0,302.0,973.0,89.0,0.0,0.0
